warning: `/home/alice/enarx/.cargo/config` is deprecated in favor of `config.toml`
  |
  = help: if you need to support cargo 1.38 or earlier, you can symlink `config` to `config.toml`

thread 'main' (1101219) panicked at src/tools/cargo/src/cargo/core/resolver/features.rs:325:13:
did not find features for (PackageId { name: "rustversion", version: "1.0.22", source: "registry `crates-io`" }, ArtifactDep(Tuple("x86_64-unknown-linux-musl"))) within activated_features:
[
    (
        PackageId {
            name: "simd-adler32",
            version: "0.3.9",
            source: "registry `crates-io`",
        },
        NormalOrDev,
    ),
    (
        PackageId {
            name: "block-buffer",
            version: "0.10.4",
            source: "registry `crates-io`",
        },
        ArtifactDep(
            Tuple(
                "x86_64-unknown-linux-musl",
            ),
        ),
    ),
    (
        PackageId {
            name: "lazy_static",
            version: "1.5.0",
            source: "registry `crates-io`",
        },
        NormalOrDev,
    ),
    (
        PackageId {
            name: "anyhow",
            version: "1.0.102",
            source: "registry `crates-io`",
        },
        HostDep,
    ),
    (
        PackageId {
            name: "ahash",
            version: "0.8.12",
            source: "registry `crates-io`",
        },
        ArtifactDep(
            Tuple(
                "x86_64-unknown-linux-musl",
            ),
        ),
    ),
    (
        PackageId {
            name: "goblin",
            version: "0.6.1",
            source: "registry `crates-io`",
        },
        NormalOrDev,
    ),
    (
        PackageId {
            name: "addr2line",
            version: "0.26.1",
            source: "registry `crates-io`",
        },
        NormalOrDev,
    ),
    (
        PackageId {
            name: "block-modes",
            version: "0.8.1",
            source: "registry `crates-io`",
        },
        NormalOrDev,
    ),
    (
        PackageId {
            name: "serde-value",
            version: "0.7.0",
            source: "registry `crates-io`",
        },
        NormalOrDev,
    ),
    (
        PackageId {
            name: "getrandom",
            version: "0.3.4",
            source: "registry `crates-io`",
        },
        NormalOrDev,
    ),
    (
        PackageId {
            name: "rustls-webpki",
            version: "0.101.7",
            source: "registry `crates-io`",
        },
        NormalOrDev,
    ),
    (
        PackageId {
            name: "async-lock",
            version: "2.8.0",
            source: "registry `crates-io`",
        },
        NormalOrDev,
    ),
    (
        PackageId {
            name: "parking",
            version: "2.2.1",
            source: "registry `crates-io`",
        },
        NormalOrDev,
    ),
    (
        PackageId {
            name: "futures-io",
            version: "0.3.32",
            source: "registry `crates-io`",
        },
        NormalOrDev,
    ),
    (
        PackageId {
            name: "nodit",
            version: "0.9.2",
            source: "registry `crates-io`",
        },
        ArtifactDep(
            Tuple(
                "x86_64-unknown-linux-musl",
            ),
        ),
    ),
    (
        PackageId {
            name: "parking_lot",
            version: "0.12.5",
            source: "registry `crates-io`",
        },
        ArtifactDep(
            Tuple(
                "x86_64-unknown-linux-musl",
            ),
        ),
    ),
    (
        PackageId {
            name: "iana-time-zone",
            version: "0.1.65",
            source: "registry `crates-io`",
        },
        NormalOrDev,
    ),
    (
        PackageId {
            name: "io-lifetimes",
            version: "2.0.4",
            source: "registry `crates-io`",
        },
        ArtifactDep(
            Tuple(
                "x86_64-unknown-linux-musl",
            ),
        ),
    ),
    (
        PackageId {
            name: "icu_properties_data",
            version: "2.2.0",
            source: "registry `crates-io`",
        },
        ArtifactDep(
            Tuple(
                "x86_64-unknown-linux-musl",
            ),
        ),
    ),
    (
        PackageId {
            name: "cap-fs-ext",
            version: "3.4.5",
            source: "registry `crates-io`",
        },
        ArtifactDep(
            Tuple(
                "x86_64-unknown-linux-musl",
            ),
        ),
    ),
    (
        PackageId {
            name: "rustls-webpki",
            version: "0.101.7",
            source: "registry `crates-io`",
        },
        ArtifactDep(
            Tuple(
                "x86_64-unknown-linux-musl",
            ),
        ),
    ),
    (
        PackageId {
            name: "wiggle-macro",
            version: "44.0.0",
            source: "/home/alice/lind-wasm/src/wasmtime/crates/wiggle/macro",
        },
        HostDep,
    ),
    (
        PackageId {
            name: "cap-fs-ext",
            version: "3.4.5",
            source: "registry `crates-io`",
        },
        NormalOrDev,
    ),
    (
        PackageId {
            name: "serde_qs",
            version: "0.8.5",
            source: "registry `crates-io`",
        },
        NormalOrDev,
    ),
    (
        PackageId {
            name: "scroll",
            version: "0.11.0",
            source: "registry `crates-io`",
        },
        ArtifactDep(
            Tuple(
                "x86_64-unknown-none",
            ),
        ),
    ),
    (
        PackageId {
            name: "lock_api",
            version: "0.4.14",
            source: "registry `crates-io`",
        },
        ArtifactDep(
            Tuple(
                "x86_64-unknown-none",
            ),
        ),
    ),
    (
        PackageId {
            name: "bit_field",
            version: "0.10.3",
            source: "registry `crates-io`",
        },
        ArtifactDep(
            Tuple(
                "x86_64-unknown-none",
            ),
        ),
    ),
    (
        PackageId {
            name: "byteorder",
            version: "1.5.0",
            source: "registry `crates-io`",
        },
        NormalOrDev,
    ),
    (
        PackageId {
            name: "toml",
            version: "0.5.11",
            source: "registry `crates-io`",
        },
        HostDep,
    ),
    (
        PackageId {
            name: "pem-rfc7468",
            version: "0.7.0",
            source: "registry `crates-io`",
        },
        NormalOrDev,
    ),
    (
        PackageId {
            name: "bit_field",
            version: "0.10.3",
            source: "registry `crates-io`",
        },
        NormalOrDev,
    ),
    (
        PackageId {
            name: "litemap",
            version: "0.8.2",
            source: "registry `crates-io`",
        },
        ArtifactDep(
            Tuple(
                "x86_64-unknown-linux-musl",
            ),
        ),
    ),
    (
        PackageId {
            name: "wast",
            version: "35.0.2",
            source: "registry `crates-io`",
        },
        HostDep,
    ),
    (
        PackageId {
            name: "jobserver",
            version: "0.1.34",
            source: "registry `crates-io`",
        },
        HostDep,
    ),
    (
        PackageId {
            name: "scopeguard",
            version: "1.2.0",
            source: "registry `crates-io`",
        },
        NormalOrDev,
    ),
    (
        PackageId {
            name: "termcolor",
            version: "1.4.1",
            source: "registry `crates-io`",
        },
        ArtifactDep(
            Tuple(
                "x86_64-unknown-linux-musl",
            ),
        ),
    ),
    (
        PackageId {
            name: "ambient-authority",
            version: "0.0.2",
            source: "registry `crates-io`",
        },
        NormalOrDev,
    ),
    (
        PackageId {
            name: "base64",
            version: "0.21.7",
            source: "registry `crates-io`",
        },
        NormalOrDev,
    ),
    (
        PackageId {
            name: "crt0stack",
            version: "0.1.0",
            source: "registry `crates-io`",
        },
        ArtifactDep(
            Tuple(
                "x86_64-unknown-none",
            ),
        ),
    ),
    (
        PackageId {
            name: "crypto-mac",
            version: "0.11.1",
            source: "registry `crates-io`",
        },
        NormalOrDev,
    ),
    (
        PackageId {
            name: "wasmtime-environ",
            version: "44.0.0",
            source: "/home/alice/lind-wasm/src/wasmtime/crates/environ",
        },
        ArtifactDep(
            Tuple(
                "x86_64-unknown-linux-musl",
            ),
        ),
    ),
    (
        PackageId {
            name: "sysdefs",
            version: "0.1.0",
            source: "/home/alice/lind-wasm/src/wasmtime/crates/sysdefs",
        },
        NormalOrDev,
    ),
    (
        PackageId {
            name: "darling",
            version: "0.13.4",
            source: "registry `crates-io`",
        },
        HostDep,
    ),
    (
        PackageId {
            name: "wasmtime-wasi-threads",
            version: "44.0.0",
            source: "/home/alice/lind-wasm/src/wasmtime/crates/wasi-threads",
        },
        ArtifactDep(
            Tuple(
                "x86_64-unknown-linux-musl",
            ),
        ),
    ),
    (
        PackageId {
            name: "libm",
            version: "0.2.16",
            source: "registry `crates-io`",
        },
        HostDep,
    ),
    (
        PackageId {
            name: "block-buffer",
            version: "0.10.4",
            source: "registry `crates-io`",
        },
        NormalOrDev,
    ),
    (
        PackageId {
            name: "cobs",
            version: "0.3.0",
            source: "registry `crates-io`",
        },
        NormalOrDev,
    ),
    (
        PackageId {
            name: "fdtables",
            version: "0.1.0",
            source: "/home/alice/lind-wasm/src/wasmtime/crates/fdtables",
        },
        ArtifactDep(
            Tuple(
                "x86_64-unknown-linux-musl",
            ),
        ),
    ),
    (
        PackageId {
            name: "async-h1",
            version: "2.3.4",
            source: "registry `crates-io`",
        },
        NormalOrDev,
    ),
    (
        PackageId {
            name: "quick_cache",
            version: "0.6.22",
            source: "registry `crates-io`",
        },
        ArtifactDep(
            Tuple(
                "x86_64-unknown-linux-musl",
            ),
        ),
    ),
    (
        PackageId {
            name: "ureq",
            version: "2.9.1",
            source: "registry `crates-io`",
        },
        ArtifactDep(
            Tuple(
                "x86_64-unknown-linux-musl",
            ),
        ),
    ),
    (
        PackageId {
            name: "wasmtime-internal-component-util",
            version: "44.0.0",
            source: "/home/alice/lind-wasm/src/wasmtime/crates/component-util",
        },
        HostDep,
    ),
    (
        PackageId {
            name: "rand_chacha",
            version: "0.2.2",
            source: "registry `crates-io`",
        },
        NormalOrDev,
    ),
    (
        PackageId {
            name: "cap-std",
            version: "3.4.5",
            source: "registry `crates-io`",
        },
        ArtifactDep(
            Tuple(
                "x86_64-unknown-linux-musl",
            ),
        ),
    ),
    (
        PackageId {
            name: "wasmprinter",
            version: "0.246.2",
            source: "registry `crates-io`",
        },
        ArtifactDep(
            Tuple(
                "x86_64-unknown-linux-musl",
            ),
        ),
    ),
    (
        PackageId {
            name: "serde_core",
            version: "1.0.228",
            source: "registry `crates-io`",
        },
        HostDep,
    ),
    (
        PackageId {
            name: "webpki-roots",
            version: "0.22.6",
            source: "registry `crates-io`",
        },
        ArtifactDep(
            Tuple(
                "x86_64-unknown-linux-musl",
            ),
        ),
    ),
    (
        PackageId {
            name: "ring",
            version: "0.16.20",
            source: "registry `crates-io`",
        },
        ArtifactDep(
            Tuple(
                "x86_64-unknown-linux-musl",
            ),
        ),
    ),
    (
        PackageId {
            name: "untrusted",
            version: "0.9.0",
            source: "registry `crates-io`",
        },
        ArtifactDep(
            Tuple(
                "x86_64-unknown-linux-musl",
            ),
        ),
    ),
    (
        PackageId {
            name: "async-channel",
            version: "1.9.0",
            source: "registry `crates-io`",
        },
        NormalOrDev,
    ),
    (
        PackageId {
            name: "event-listener",
            version: "5.4.1",
            source: "registry `crates-io`",
        },
        NormalOrDev,
    ),
    (
        PackageId {
            name: "fdtables",
            version: "0.1.0",
            source: "/home/alice/lind-wasm/src/wasmtime/crates/fdtables",
        },
        NormalOrDev,
    ),
    (
        PackageId {
            name: "linux-raw-sys",
            version: "0.4.15",
            source: "registry `crates-io`",
        },
        ArtifactDep(
            Tuple(
                "x86_64-unknown-linux-musl",
            ),
        ),
    ),
    (
        PackageId {
            name: "spin",
            version: "0.5.2",
            source: "registry `crates-io`",
        },
        NormalOrDev,
    ),
    (
        PackageId {
            name: "wasmtime-internal-cache",
            version: "44.0.0",
            source: "/home/alice/lind-wasm/src/wasmtime/crates/cache",
        },
        NormalOrDev,
    ),
    (
        PackageId {
            name: "adler2",
            version: "2.0.1",
            source: "registry `crates-io`",
        },
        NormalOrDev,
    ),
    (
        PackageId {
            name: "base64ct",
            version: "1.8.3",
            source: "registry `crates-io`",
        },
        NormalOrDev,
    ),
    (
        PackageId {
            name: "libm",
            version: "0.2.16",
            source: "registry `crates-io`",
        },
        NormalOrDev,
    ),
    (
        PackageId {
            name: "async-lock",
            version: "3.4.2",
            source: "registry `crates-io`",
        },
        NormalOrDev,
    ),
    (
        PackageId {
            name: "icu_normalizer_data",
            version: "2.2.0",
            source: "registry `crates-io`",
        },
        NormalOrDev,
    ),
    (
        PackageId {
            name: "spin",
            version: "0.9.8",
            source: "registry `crates-io`",
        },
        ArtifactDep(
            Tuple(
                "x86_64-unknown-linux-musl",
            ),
        ),
    ),
    (
        PackageId {
            name: "dirs-sys-next",
            version: "0.1.2",
            source: "registry `crates-io`",
        },
        ArtifactDep(
            Tuple(
                "x86_64-unknown-linux-musl",
            ),
        ),
    ),
    (
        PackageId {
            name: "sha2",
            version: "0.10.9",
            source: "registry `crates-io`",
        },
        ArtifactDep(
            Tuple(
                "x86_64-unknown-linux-musl",
            ),
        ),
    ),
    (
        PackageId {
            name: "tracing-log",
            version: "0.2.0",
            source: "registry `crates-io`",
        },
        ArtifactDep(
            Tuple(
                "x86_64-unknown-linux-musl",
            ),
        ),
    ),
    (
        PackageId {
            name: "zerocopy",
            version: "0.8.48",
            source: "registry `crates-io`",
        },
        ArtifactDep(
            Tuple(
                "x86_64-unknown-linux-musl",
            ),
        ),
    ),
    (
        PackageId {
            name: "arc-swap",
            version: "1.9.1",
            source: "registry `crates-io`",
        },
        NormalOrDev,
    ),
    (
        PackageId {
            name: "btree_monstrousity",
            version: "0.0.5",
            source: "registry `crates-io`",
        },
        NormalOrDev,
    ),
    (
        PackageId {
            name: "futures-lite",
            version: "1.13.0",
            source: "registry `crates-io`",
        },
        NormalOrDev,
    ),
    (
        PackageId {
            name: "nodit",
            version: "0.9.2",
            source: "registry `crates-io`",
        },
        NormalOrDev,
    ),
    (
        PackageId {
            name: "subtle",
            version: "2.4.1",
            source: "registry `crates-io`",
        },
        NormalOrDev,
    ),
    (
        PackageId {
            name: "bitflags",
            version: "1.3.2",
            source: "registry `crates-io`",
        },
        NormalOrDev,
    ),
    (
        PackageId {
            name: "once_cell",
            version: "1.21.4",
            source: "registry `crates-io`",
        },
        ArtifactDep(
            Tuple(
                "x86_64-unknown-linux-musl",
            ),
        ),
    ),
    (
        PackageId {
            name: "proc-macro-crate",
            version: "1.3.1",
            source: "registry `crates-io`",
        },
        HostDep,
    ),
    (
        PackageId {
            name: "wasmtime-wasi-io",
            version: "44.0.0",
            source: "/home/alice/lind-wasm/src/wasmtime/crates/wasi-io",
        },
        NormalOrDev,
    ),
    (
        PackageId {
            name: "toml_edit",
            version: "0.19.15",
            source: "registry `crates-io`",
        },
        HostDep,
    ),
    (
        PackageId {
            name: "dirs-sys",
            version: "0.3.7",
            source: "registry `crates-io`",
        },
        NormalOrDev,
    ),
    (
        PackageId {
            name: "rustc-hash",
            version: "2.1.2",
            source: "registry `crates-io`",
        },
        NormalOrDev,
    ),
    (
        PackageId {
            name: "url",
            version: "2.5.8",
            source: "registry `crates-io`",
        },
        NormalOrDev,
    ),
    (
        PackageId {
            name: "volatile",
            version: "0.4.6",
            source: "registry `crates-io`",
        },
        ArtifactDep(
            Tuple(
                "x86_64-unknown-none",
            ),
        ),
    ),
    (
        PackageId {
            name: "dashmap",
            version: "5.5.3",
            source: "registry `crates-io`",
        },
        ArtifactDep(
            Tuple(
                "x86_64-unknown-linux-musl",
            ),
        ),
    ),
    (
        PackageId {
            name: "mio",
            version: "1.2.0",
            source: "registry `crates-io`",
        },
        ArtifactDep(
            Tuple(
                "x86_64-unknown-linux-musl",
            ),
        ),
    ),
    (
        PackageId {
            name: "scopeguard",
            version: "1.2.0",
            source: "registry `crates-io`",
        },
        ArtifactDep(
            Tuple(
                "x86_64-unknown-linux-musl",
            ),
        ),
    ),
    (
        PackageId {
            name: "num-integer",
            version: "0.1.46",
            source: "registry `crates-io`",
        },
        NormalOrDev,
    ),
    (
        PackageId {
            name: "ppv-lite86",
            version: "0.2.21",
            source: "registry `crates-io`",
        },
        NormalOrDev,
    ),
    (
        PackageId {
            name: "async-io",
            version: "2.6.0",
            source: "registry `crates-io`",
        },
        NormalOrDev,
    ),
    (
        PackageId {
            name: "itoa",
            version: "1.0.18",
            source: "registry `crates-io`",
        },
        ArtifactDep(
            Tuple(
                "x86_64-unknown-linux-musl",
            ),
        ),
    ),
    (
        PackageId {
            name: "regex-syntax",
            version: "0.8.10",
            source: "registry `crates-io`",
        },
        ArtifactDep(
            Tuple(
                "x86_64-unknown-linux-musl",
            ),
        ),
    ),
    (
        PackageId {
            name: "atty",
            version: "0.2.14",
            source: "registry `crates-io`",
        },
        NormalOrDev,
    ),
    (
        PackageId {
            name: "heck",
            version: "0.4.1",
            source: "registry `crates-io`",
        },
        HostDep,
    ),
    (
        PackageId {
            name: "wasmtime-internal-jit-icache-coherence",
            version: "44.0.0",
            source: "/home/alice/lind-wasm/src/wasmtime/crates/jit-icache-coherence",
        },
        NormalOrDev,
    ),
    (
        PackageId {
            name: "wasmtime-internal-core",
            version: "44.0.0",
            source: "/home/alice/lind-wasm/src/wasmtime/crates/core",
        },
        HostDep,
    ),
    (
        PackageId {
            name: "futures-sink",
            version: "0.3.32",
            source: "registry `crates-io`",
        },
        NormalOrDev,
    ),
    (
        PackageId {
            name: "cipher",
            version: "0.3.0",
            source: "registry `crates-io`",
        },
        NormalOrDev,
    ),
    (
        PackageId {
            name: "sha2",
            version: "0.9.9",
            source: "registry `crates-io`",
        },
        NormalOrDev,
    ),
    (
        PackageId {
            name: "dirs-sys-next",
            version: "0.1.2",
            source: "registry `crates-io`",
        },
        NormalOrDev,
    ),
    (
        PackageId {
            name: "lset",
            version: "0.3.0",
            source: "registry `crates-io`",
        },
        NormalOrDev,
    ),
    (
        PackageId {
            name: "version_check",
            version: "0.9.5",
            source: "registry `crates-io`",
        },
        HostDep,
    ),
    (
        PackageId {
            name: "anstyle",
            version: "1.0.14",
            source: "registry `crates-io`",
        },
        NormalOrDev,
    ),
    (
        PackageId {
            name: "btree_monstrousity",
            version: "0.0.5",
            source: "registry `crates-io`",
        },
        ArtifactDep(
            Tuple(
                "x86_64-unknown-linux-musl",
            ),
        ),
    ),
    (
        PackageId {
            name: "paste",
            version: "1.0.15",
            source: "registry `crates-io`",
        },
        HostDep,
    ),
    (
        PackageId {
            name: "indexmap",
            version: "2.14.0",
            source: "registry `crates-io`",
        },
        HostDep,
    ),
    (
        PackageId {
            name: "indexmap",
            version: "2.14.0",
            source: "registry `crates-io`",
        },
        ArtifactDep(
            Tuple(
                "x86_64-unknown-linux-musl",
            ),
        ),
    ),
    (
        PackageId {
            name: "dashmap",
            version: "6.2.1",
            source: "registry `crates-io`",
        },
        ArtifactDep(
            Tuple(
                "x86_64-unknown-linux-musl",
            ),
        ),
    ),
    (
        PackageId {
            name: "primordial",
            version: "0.5.0",
            source: "registry `crates-io`",
        },
        NormalOrDev,
    ),
    (
        PackageId {
            name: "cap-rand",
            version: "3.4.5",
            source: "registry `crates-io`",
        },
        NormalOrDev,
    ),
    (
        PackageId {
            name: "futures-util",
            version: "0.3.32",
            source: "registry `crates-io`",
        },
        ArtifactDep(
            Tuple(
                "x86_64-unknown-linux-musl",
            ),
        ),
    ),
    (
        PackageId {
            name: "async-task",
            version: "4.7.1",
            source: "registry `crates-io`",
        },
        NormalOrDev,
    ),
    (
        PackageId {
            name: "leb128",
            version: "0.2.6",
            source: "registry `crates-io`",
        },
        HostDep,
    ),
    (
        PackageId {
            name: "vmm-sys-util",
            version: "0.12.1",
            source: "registry `crates-io`",
        },
        NormalOrDev,
    ),
    (
        PackageId {
            name: "postcard",
            version: "1.1.3",
            source: "registry `crates-io`",
        },
        ArtifactDep(
            Tuple(
                "x86_64-unknown-linux-musl",
            ),
        ),
    ),
    (
        PackageId {
            name: "camino",
            version: "1.2.2",
            source: "registry `crates-io`",
        },
        NormalOrDev,
    ),
    (
        PackageId {
            name: "threei",
            version: "0.1.0",
            source: "/home/alice/lind-wasm/src/wasmtime/crates/threei",
        },
        NormalOrDev,
    ),
    (
        PackageId {
            name: "thiserror",
            version: "2.0.18",
            source: "registry `crates-io`",
        },
        NormalOrDev,
    ),
    (
        PackageId {
            name: "zmij",
            version: "1.0.21",
            source: "registry `crates-io`",
        },
        NormalOrDev,
    ),
    (
        PackageId {
            name: "heck",
            version: "0.5.0",
            source: "registry `crates-io`",
        },
        HostDep,
    ),
    (
        PackageId {
            name: "futures-task",
            version: "0.3.32",
            source: "registry `crates-io`",
        },
        ArtifactDep(
            Tuple(
                "x86_64-unknown-linux-musl",
            ),
        ),
    ),
    (
        PackageId {
            name: "crt0stack",
            version: "0.1.0",
            source: "registry `crates-io`",
        },
        NormalOrDev,
    ),
    (
        PackageId {
            name: "opaque-debug",
            version: "0.3.1",
            source: "registry `crates-io`",
        },
        NormalOrDev,
    ),
    (
        PackageId {
            name: "wasmtime-lind-dylink",
            version: "44.0.0",
            source: "/home/alice/lind-wasm/src/wasmtime/crates/lind-dylink",
        },
        ArtifactDep(
            Tuple(
                "x86_64-unknown-linux-musl",
            ),
        ),
    ),
    (
        PackageId {
            name: "digest",
            version: "0.10.7",
            source: "registry `crates-io`",
        },
        ArtifactDep(
            Tuple(
                "x86_64-unknown-linux-musl",
            ),
        ),
    ),
    (
        PackageId {
            name: "async-channel",
            version: "2.5.0",
            source: "registry `crates-io`",
        },
        NormalOrDev,
    ),
    (
        PackageId {
            name: "terminal_size",
            version: "0.4.4",
            source: "registry `crates-io`",
        },
        NormalOrDev,
    ),
    (
        PackageId {
            name: "nu-ansi-term",
            version: "0.50.3",
            source: "registry `crates-io`",
        },
        ArtifactDep(
            Tuple(
                "x86_64-unknown-linux-musl",
            ),
        ),
    ),
    (
        PackageId {
            name: "cage",
            version: "0.1.0",
            source: "/home/alice/lind-wasm/src/wasmtime/crates/cage",
        },
        ArtifactDep(
            Tuple(
                "x86_64-unknown-linux-musl",
            ),
        ),
    ),
    (
        PackageId {
            name: "regalloc2",
            version: "0.15.1",
            source: "registry `crates-io`",
        },
        NormalOrDev,
    ),
    (
        PackageId {
            name: "futures",
            version: "0.3.32",
            source: "registry `crates-io`",
        },
        NormalOrDev,
    ),
    (
        PackageId {
            name: "spin",
            version: "0.9.8",
            source: "registry `crates-io`",
        },
        ArtifactDep(
            Tuple(
                "x86_64-unknown-none",
            ),
        ),
    ),
    (
        PackageId {
            name: "hex",
            version: "0.4.3",
            source: "registry `crates-io`",
        },
        ArtifactDep(
            Tuple(
                "x86_64-unknown-linux-musl",
            ),
        ),
    ),
    (
        PackageId {
            name: "zstd",
            version: "0.13.3",
            source: "registry `crates-io`",
        },
        NormalOrDev,
    ),
    (
        PackageId {
            name: "unicode-width",
            version: "0.2.2",
            source: "registry `crates-io`",
        },
        NormalOrDev,
    ),
    (
        PackageId {
            name: "wasm-encoder",
            version: "0.250.0",
            source: "registry `crates-io`",
        },
        NormalOrDev,
    ),
    (
        PackageId {
            name: "generic-array",
            version: "0.14.7",
            source: "registry `crates-io`",
        },
        NormalOrDev,
    ),
    (
        PackageId {
            name: "toml_datetime",
            version: "0.6.11",
            source: "registry `crates-io`",
        },
        HostDep,
    ),
    (
        PackageId {
            name: "webpki",
            version: "0.22.4",
            source: "registry `crates-io`",
        },
        ArtifactDep(
            Tuple(
                "x86_64-unknown-linux-musl",
            ),
        ),
    ),
    (
        PackageId {
            name: "async-attributes",
            version: "1.1.2",
            source: "registry `crates-io`",
        },
        HostDep,
    ),
    (
        PackageId {
            name: "skiplist",
            version: "0.6.0",
            source: "registry `crates-io`",
        },
        NormalOrDev,
    ),
    (
        PackageId {
            name: "cranelift-assembler-x64",
            version: "0.131.0",
            source: "/home/alice/lind-wasm/src/wasmtime/cranelift/assembler-x64",
        },
        NormalOrDev,
    ),
    (
        PackageId {
            name: "atomic-waker",
            version: "1.1.2",
            source: "registry `crates-io`",
        },
        NormalOrDev,
    ),
    (
        PackageId {
            name: "idna",
            version: "1.1.0",
            source: "registry `crates-io`",
        },
        ArtifactDep(
            Tuple(
                "x86_64-unknown-linux-musl",
            ),
        ),
    ),
    (
        PackageId {
            name: "tracing-subscriber",
            version: "0.3.23",
            source: "registry `crates-io`",
        },
        NormalOrDev,
    ),
    (
        PackageId {
            name: "rand_chacha",
            version: "0.9.0",
            source: "registry `crates-io`",
        },
        NormalOrDev,
    ),
    (
        PackageId {
            name: "wasm-encoder",
            version: "0.246.2",
            source: "registry `crates-io`",
        },
        NormalOrDev,
    ),
    (
        PackageId {
            name: "getrandom",
            version: "0.1.16",
            source: "registry `crates-io`",
        },
        NormalOrDev,
    ),
    (
        PackageId {
            name: "serde_json",
            version: "1.0.150",
            source: "registry `crates-io`",
        },
        NormalOrDev,
    ),
    (
        PackageId {
            name: "zerovec-derive",
            version: "0.11.3",
            source: "registry `crates-io`",
        },
        HostDep,
    ),
    (
        PackageId {
            name: "cranelift-srcgen",
            version: "0.131.0",
            source: "/home/alice/lind-wasm/src/wasmtime/cranelift/srcgen",
        },
        HostDep,
    ),
    (
        PackageId {
            name: "memchr",
            version: "2.8.0",
            source: "registry `crates-io`",
        },
        NormalOrDev,
    ),
    (
        PackageId {
            name: "encoding_rs",
            version: "0.8.35",
            source: "registry `crates-io`",
        },
        ArtifactDep(
            Tuple(
                "x86_64-unknown-linux-musl",
            ),
        ),
    ),
    (
        PackageId {
            name: "serde_plain",
            version: "1.0.2",
            source: "registry `crates-io`",
        },
        NormalOrDev,
    ),
    (
        PackageId {
            name: "itertools",
            version: "0.10.5",
            source: "registry `crates-io`",
        },
        NormalOrDev,
    ),
    (
        PackageId {
            name: "cpufeatures",
            version: "0.2.17",
            source: "registry `crates-io`",
        },
        NormalOrDev,
    ),
    (
        PackageId {
            name: "itertools",
            version: "0.14.0",
            source: "registry `crates-io`",
        },
        NormalOrDev,
    ),
    (
        PackageId {
            name: "zerotrie",
            version: "0.2.4",
            source: "registry `crates-io`",
        },
        ArtifactDep(
            Tuple(
                "x86_64-unknown-linux-musl",
            ),
        ),
    ),
    (
        PackageId {
            name: "semver",
            version: "1.0.28",
            source: "registry `crates-io`",
        },
        NormalOrDev,
    ),
    (
        PackageId {
            name: "scopeguard",
            version: "1.2.0",
            source: "registry `crates-io`",
        },
        ArtifactDep(
            Tuple(
                "x86_64-unknown-none",
            ),
        ),
    ),
    (
        PackageId {
            name: "icu_locale_core",
            version: "2.2.0",
            source: "registry `crates-io`",
        },
        NormalOrDev,
    ),
    (
        PackageId {
            name: "polling",
            version: "3.11.0",
            source: "registry `crates-io`",
        },
        NormalOrDev,
    ),
    (
        PackageId {
            name: "cfg-if",
            version: "1.0.4",
            source: "registry `crates-io`",
        },
        ArtifactDep(
            Tuple(
                "x86_64-unknown-linux-musl",
            ),
        ),
    ),
    (
        PackageId {
            name: "cobs",
            version: "0.3.0",
            source: "registry `crates-io`",
        },
        ArtifactDep(
            Tuple(
                "x86_64-unknown-linux-musl",
            ),
        ),
    ),
    (
        PackageId {
            name: "x86_64",
            version: "0.14.13",
            source: "registry `crates-io`",
        },
        ArtifactDep(
            Tuple(
                "x86_64-unknown-none",
            ),
        ),
    ),
    (
        PackageId {
            name: "bitflags",
            version: "1.3.2",
            source: "registry `crates-io`",
        },
        ArtifactDep(
            Tuple(
                "x86_64-unknown-linux-musl",
            ),
        ),
    ),
    (
        PackageId {
            name: "wasmtime-internal-component-macro",
            version: "44.0.0",
            source: "/home/alice/lind-wasm/src/wasmtime/crates/component-macro",
        },
        HostDep,
    ),
    (
        PackageId {
            name: "idna_adapter",
            version: "1.2.2",
            source: "registry `crates-io`",
        },
        NormalOrDev,
    ),
    (
        PackageId {
            name: "termcolor",
            version: "1.4.1",
            source: "registry `crates-io`",
        },
        NormalOrDev,
    ),
    (
        PackageId {
            name: "witx",
            version: "0.9.1",
            source: "registry `crates-io`",
        },
        HostDep,
    ),
    (
        PackageId {
            name: "regex-syntax",
            version: "0.8.10",
            source: "registry `crates-io`",
        },
        NormalOrDev,
    ),
    (
        PackageId {
            name: "tracing-core",
            version: "0.1.36",
            source: "registry `crates-io`",
        },
        ArtifactDep(
            Tuple(
                "x86_64-unknown-linux-musl",
            ),
        ),
    ),
    (
        PackageId {
            name: "untrusted",
            version: "0.7.1",
            source: "registry `crates-io`",
        },
        ArtifactDep(
            Tuple(
                "x86_64-unknown-linux-musl",
            ),
        ),
    ),
    (
        PackageId {
            name: "itoa",
            version: "1.0.18",
            source: "registry `crates-io`",
        },
        NormalOrDev,
    ),
    (
        PackageId {
            name: "sallyport",
            version: "0.7.1",
            source: "/home/alice/enarx/crates/sallyport",
        },
        ArtifactDep(
            Tuple(
                "x86_64-unknown-linux-musl",
            ),
        ),
    ),
    (
        PackageId {
            name: "itoa",
            version: "1.0.18",
            source: "registry `crates-io`",
        },
        HostDep,
    ),
    (
        PackageId {
            name: "yoke",
            version: "0.8.2",
            source: "registry `crates-io`",
        },
        ArtifactDep(
            Tuple(
                "x86_64-unknown-linux-musl",
            ),
        ),
    ),
    (
        PackageId {
            name: "serde_urlencoded",
            version: "0.7.1",
            source: "registry `crates-io`",
        },
        NormalOrDev,
    ),
    (
        PackageId {
            name: "skiplist",
            version: "0.6.0",
            source: "registry `crates-io`",
        },
        ArtifactDep(
            Tuple(
                "x86_64-unknown-linux-musl",
            ),
        ),
    ),
    (
        PackageId {
            name: "wasmtime-internal-cranelift",
            version: "44.0.0",
            source: "/home/alice/lind-wasm/src/wasmtime/crates/cranelift",
        },
        ArtifactDep(
            Tuple(
                "x86_64-unknown-linux-musl",
            ),
        ),
    ),
    (
        PackageId {
            name: "ipnet",
            version: "2.12.0",
            source: "registry `crates-io`",
        },
        ArtifactDep(
            Tuple(
                "x86_64-unknown-linux-musl",
            ),
        ),
    ),
    (
        PackageId {
            name: "serde_core",
            version: "1.0.228",
            source: "registry `crates-io`",
        },
        NormalOrDev,
    ),
    (
        PackageId {
            name: "toml_writer",
            version: "1.1.1+spec-1.1.0",
            source: "registry `crates-io`",
        },
        ArtifactDep(
            Tuple(
                "x86_64-unknown-linux-musl",
            ),
        ),
    ),
    (
        PackageId {
            name: "rawposix",
            version: "0.1.0",
            source: "/home/alice/lind-wasm/src/wasmtime/crates/rawposix",
        },
        NormalOrDev,
    ),
    (
        PackageId {
            name: "futures-task",
            version: "0.3.32",
            source: "registry `crates-io`",
        },
        NormalOrDev,
    ),
    (
        PackageId {
            name: "zbus_macros",
            version: "1.9.3",
            source: "registry `crates-io`",
        },
        HostDep,
    ),
    (
        PackageId {
            name: "miniz_oxide",
            version: "0.8.9",
            source: "registry `crates-io`",
        },
        NormalOrDev,
    ),
    (
        PackageId {
            name: "num",
            version: "0.4.3",
            source: "registry `crates-io`",
        },
        NormalOrDev,
    ),
    (
        PackageId {
            name: "tempfile",
            version: "3.27.0",
            source: "registry `crates-io`",
        },
        NormalOrDev,
    ),
    (
        PackageId {
            name: "cranelift-codegen-shared",
            version: "0.131.0",
            source: "/home/alice/lind-wasm/src/wasmtime/cranelift/codegen/shared",
        },
        HostDep,
    ),
    (
        PackageId {
            name: "icu_provider",
            version: "2.2.0",
            source: "registry `crates-io`",
        },
        ArtifactDep(
            Tuple(
                "x86_64-unknown-linux-musl",
            ),
        ),
    ),
    (
        PackageId {
            name: "unicode-ident",
            version: "1.0.24",
            source: "registry `crates-io`",
        },
        HostDep,
    ),
    (
        PackageId {
            name: "leb128fmt",
            version: "0.1.0",
            source: "registry `crates-io`",
        },
        NormalOrDev,
    ),
    (
        PackageId {
            name: "const-oid",
            version: "0.9.6",
            source: "registry `crates-io`",
        },
        NormalOrDev,
    ),
    (
        PackageId {
            name: "enarx-exec-wasmtime",
            version: "0.7.1",
            source: "/home/alice/enarx/crates/exec-wasmtime",
        },
        NormalOrDev,
    ),
    (
        PackageId {
            name: "typenum",
            version: "1.20.0",
            source: "registry `crates-io`",
        },
        NormalOrDev,
    ),
    (
        PackageId {
            name: "clap",
            version: "4.6.1",
            source: "registry `crates-io`",
        },
        NormalOrDev,
    ),
    (
        PackageId {
            name: "hkdf",
            version: "0.11.0",
            source: "registry `crates-io`",
        },
        NormalOrDev,
    ),
    (
        PackageId {
            name: "protobuf",
            version: "2.28.0",
            source: "registry `crates-io`",
        },
        NormalOrDev,
    ),
    (
        PackageId {
            name: "tracing",
            version: "0.1.44",
            source: "registry `crates-io`",
        },
        ArtifactDep(
            Tuple(
                "x86_64-unknown-linux-musl",
            ),
        ),
    ),
    (
        PackageId {
            name: "rand_core",
            version: "0.5.1",
            source: "registry `crates-io`",
        },
        NormalOrDev,
    ),
    (
        PackageId {
            name: "libc",
            version: "0.2.186",
            source: "registry `crates-io`",
        },
        ArtifactDep(
            Tuple(
                "x86_64-unknown-none",
            ),
        ),
    ),
    (
        PackageId {
            name: "thread_local",
            version: "1.1.9",
            source: "registry `crates-io`",
        },
        NormalOrDev,
    ),
    (
        PackageId {
            name: "dirs-sys",
            version: "0.3.7",
            source: "registry `crates-io`",
        },
        HostDep,
    ),
    (
        PackageId {
            name: "tracing-attributes",
            version: "0.1.31",
            source: "registry `crates-io`",
        },
        HostDep,
    ),
    (
        PackageId {
            name: "cfg-if",
            version: "1.0.4",
            source: "registry `crates-io`",
        },
        ArtifactDep(
            Tuple(
                "x86_64-unknown-none",
            ),
        ),
    ),
    (
        PackageId {
            name: "flate2",
            version: "1.1.9",
            source: "registry `crates-io`",
        },
        NormalOrDev,
    ),
    (
        PackageId {
            name: "toml_datetime",
            version: "0.7.5+spec-1.1.0",
            source: "registry `crates-io`",
        },
        NormalOrDev,
    ),
    (
        PackageId {
            name: "async-trait",
            version: "0.1.89",
            source: "registry `crates-io`",
        },
        HostDep,
    ),
    (
        PackageId {
            name: "toml_datetime",
            version: "0.7.5+spec-1.1.0",
            source: "registry `crates-io`",
        },
        ArtifactDep(
            Tuple(
                "x86_64-unknown-linux-musl",
            ),
        ),
    ),
    (
        PackageId {
            name: "wasmparser",
            version: "0.246.2",
            source: "registry `crates-io`",
        },
        HostDep,
    ),
    (
        PackageId {
            name: "scoped-tls",
            version: "1.0.1",
            source: "registry `crates-io`",
        },
        NormalOrDev,
    ),
    (
        PackageId {
            name: "cranelift-codegen",
            version: "0.131.0",
            source: "/home/alice/lind-wasm/src/wasmtime/cranelift/codegen",
        },
        ArtifactDep(
            Tuple(
                "x86_64-unknown-linux-musl",
            ),
        ),
    ),
    (
        PackageId {
            name: "zstd",
            version: "0.13.3",
            source: "registry `crates-io`",
        },
        ArtifactDep(
            Tuple(
                "x86_64-unknown-linux-musl",
            ),
        ),
    ),
    (
        PackageId {
            name: "cranelift-bitset",
            version: "0.131.0",
            source: "/home/alice/lind-wasm/src/wasmtime/cranelift/bitset",
        },
        ArtifactDep(
            Tuple(
                "x86_64-unknown-linux-musl",
            ),
        ),
    ),
    (
        PackageId {
            name: "clap_derive",
            version: "4.6.1",
            source: "registry `crates-io`",
        },
        HostDep,
    ),
    (
        PackageId {
            name: "shellexpand",
            version: "2.1.2",
            source: "registry `crates-io`",
        },
        HostDep,
    ),
    (
        PackageId {
            name: "futures-lite",
            version: "2.6.1",
            source: "registry `crates-io`",
        },
        NormalOrDev,
    ),
    (
        PackageId {
            name: "form_urlencoded",
            version: "1.2.2",
            source: "registry `crates-io`",
        },
        NormalOrDev,
    ),
    (
        PackageId {
            name: "futures-core",
            version: "0.3.32",
            source: "registry `crates-io`",
        },
        NormalOrDev,
    ),
    (
        PackageId {
            name: "thiserror-impl",
            version: "2.0.18",
            source: "registry `crates-io`",
        },
        HostDep,
    ),
    (
        PackageId {
            name: "cranelift-control",
            version: "0.131.0",
            source: "/home/alice/lind-wasm/src/wasmtime/cranelift/control",
        },
        ArtifactDep(
            Tuple(
                "x86_64-unknown-linux-musl",
            ),
        ),
    ),
    (
        PackageId {
            name: "icu_properties_data",
            version: "2.2.0",
            source: "registry `crates-io`",
        },
        NormalOrDev,
    ),
    (
        PackageId {
            name: "cpp_demangle",
            version: "0.4.5",
            source: "registry `crates-io`",
        },
        NormalOrDev,
    ),
    (
        PackageId {
            name: "async-io",
            version: "1.13.0",
            source: "registry `crates-io`",
        },
        NormalOrDev,
    ),
    (
        PackageId {
            name: "socket2",
            version: "0.6.3",
            source: "registry `crates-io`",
        },
        NormalOrDev,
    ),
    (
        PackageId {
            name: "rustix",
            version: "0.38.44",
            source: "registry `crates-io`",
        },
        ArtifactDep(
            Tuple(
                "x86_64-unknown-linux-musl",
            ),
        ),
    ),
    (
        PackageId {
            name: "foldhash",
            version: "0.2.0",
            source: "registry `crates-io`",
        },
        HostDep,
    ),
    (
        PackageId {
            name: "cranelift-codegen-shared",
            version: "0.131.0",
            source: "/home/alice/lind-wasm/src/wasmtime/cranelift/codegen/shared",
        },
        ArtifactDep(
            Tuple(
                "x86_64-unknown-linux-musl",
            ),
        ),
    ),
    (
        PackageId {
            name: "itertools",
            version: "0.14.0",
            source: "registry `crates-io`",
        },
        ArtifactDep(
            Tuple(
                "x86_64-unknown-linux-musl",
            ),
        ),
    ),
    (
        PackageId {
            name: "x509-cert",
            version: "0.2.5",
            source: "registry `crates-io`",
        },
        NormalOrDev,
    ),
    (
        PackageId {
            name: "serde_path_to_error",
            version: "0.1.20",
            source: "registry `crates-io`",
        },
        NormalOrDev,
    ),
    (
        PackageId {
            name: "ordered-float",
            version: "2.10.1",
            source: "registry `crates-io`",
        },
        NormalOrDev,
    ),
    (
        PackageId {
            name: "rustls",
            version: "0.20.9",
            source: "registry `crates-io`",
        },
        ArtifactDep(
            Tuple(
                "x86_64-unknown-linux-musl",
            ),
        ),
    ),
    (
        PackageId {
            name: "volatile",
            version: "0.4.6",
            source: "registry `crates-io`",
        },
        NormalOrDev,
    ),
    (
        PackageId {
            name: "xsave",
            version: "2.0.2",
            source: "registry `crates-io`",
        },
        ArtifactDep(
            Tuple(
                "x86_64-unknown-none",
            ),
        ),
    ),
    (
        PackageId {
            name: "serde",
            version: "1.0.228",
            source: "registry `crates-io`",
        },
        HostDep,
    ),
    (
        PackageId {
            name: "futures-core",
            version: "0.3.32",
            source: "registry `crates-io`",
        },
        ArtifactDep(
            Tuple(
                "x86_64-unknown-linux-musl",
            ),
        ),
    ),
    (
        PackageId {
            name: "threei",
            version: "0.1.0",
            source: "/home/alice/lind-wasm/src/wasmtime/crates/threei",
        },
        ArtifactDep(
            Tuple(
                "x86_64-unknown-linux-musl",
            ),
        ),
    ),
    (
        PackageId {
            name: "yoke",
            version: "0.8.2",
            source: "registry `crates-io`",
        },
        NormalOrDev,
    ),
    (
        PackageId {
            name: "pulley-interpreter",
            version: "44.0.0",
            source: "/home/alice/lind-wasm/src/wasmtime/pulley",
        },
        HostDep,
    ),
    (
        PackageId {
            name: "percent-encoding",
            version: "2.3.2",
            source: "registry `crates-io`",
        },
        NormalOrDev,
    ),
    (
        PackageId {
            name: "bytes",
            version: "1.11.1",
            source: "registry `crates-io`",
        },
        ArtifactDep(
            Tuple(
                "x86_64-unknown-linux-musl",
            ),
        ),
    ),
    (
        PackageId {
            name: "rustls-pemfile",
            version: "1.0.4",
            source: "registry `crates-io`",
        },
        NormalOrDev,
    ),
    (
        PackageId {
            name: "rand_core",
            version: "0.6.4",
            source: "registry `crates-io`",
        },
        ArtifactDep(
            Tuple(
                "x86_64-unknown-linux-musl",
            ),
        ),
    ),
    (
        PackageId {
            name: "cap-time-ext",
            version: "3.4.5",
            source: "registry `crates-io`",
        },
        ArtifactDep(
            Tuple(
                "x86_64-unknown-linux-musl",
            ),
        ),
    ),
    (
        PackageId {
            name: "system-interface",
            version: "0.27.3",
            source: "registry `crates-io`",
        },
        ArtifactDep(
            Tuple(
                "x86_64-unknown-linux-musl",
            ),
        ),
    ),
    (
        PackageId {
            name: "thiserror",
            version: "1.0.69",
            source: "registry `crates-io`",
        },
        NormalOrDev,
    ),
    (
        PackageId {
            name: "der",
            version: "0.7.10",
            source: "registry `crates-io`",
        },
        NormalOrDev,
    ),
    (
        PackageId {
            name: "parking_lot",
            version: "0.12.5",
            source: "registry `crates-io`",
        },
        NormalOrDev,
    ),
    (
        PackageId {
            name: "writeable",
            version: "0.6.3",
            source: "registry `crates-io`",
        },
        ArtifactDep(
            Tuple(
                "x86_64-unknown-linux-musl",
            ),
        ),
    ),
    (
        PackageId {
            name: "toml_writer",
            version: "1.1.1+spec-1.1.0",
            source: "registry `crates-io`",
        },
        NormalOrDev,
    ),
    (
        PackageId {
            name: "futures-channel",
            version: "0.3.32",
            source: "registry `crates-io`",
        },
        ArtifactDep(
            Tuple(
                "x86_64-unknown-linux-musl",
            ),
        ),
    ),
    (
        PackageId {
            name: "flagset",
            version: "0.4.7",
            source: "registry `crates-io`",
        },
        NormalOrDev,
    ),
    (
        PackageId {
            name: "utf8_iter",
            version: "1.0.4",
            source: "registry `crates-io`",
        },
        NormalOrDev,
    ),
    (
        PackageId {
            name: "toml",
            version: "0.9.12+spec-1.1.0",
            source: "registry `crates-io`",
        },
        NormalOrDev,
    ),
    (
        PackageId {
            name: "futures-executor",
            version: "0.3.32",
            source: "registry `crates-io`",
        },
        NormalOrDev,
    ),
    (
        PackageId {
            name: "cfg-if",
            version: "1.0.4",
            source: "registry `crates-io`",
        },
        NormalOrDev,
    ),
    (
        PackageId {
            name: "hashbrown",
            version: "0.16.1",
            source: "registry `crates-io`",
        },
        ArtifactDep(
            Tuple(
                "x86_64-unknown-linux-musl",
            ),
        ),
    ),
    (
        PackageId {
            name: "enarx-config",
            version: "0.7.1",
            source: "/home/alice/enarx/crates/enarx-config",
        },
        ArtifactDep(
            Tuple(
                "x86_64-unknown-linux-musl",
            ),
        ),
    ),
    (
        PackageId {
            name: "cc",
            version: "1.2.62",
            source: "registry `crates-io`",
        },
        HostDep,
    ),
    (
        PackageId {
            name: "memfd",
            version: "0.6.5",
            source: "registry `crates-io`",
        },
        ArtifactDep(
            Tuple(
                "x86_64-unknown-linux-musl",
            ),
        ),
    ),
    (
        PackageId {
            name: "rustls",
            version: "0.20.9",
            source: "registry `crates-io`",
        },
        NormalOrDev,
    ),
    (
        PackageId {
            name: "rand_chacha",
            version: "0.3.1",
            source: "registry `crates-io`",
        },
        NormalOrDev,
    ),
    (
        PackageId {
            name: "crypto-common",
            version: "0.1.7",
            source: "registry `crates-io`",
        },
        ArtifactDep(
            Tuple(
                "x86_64-unknown-none",
            ),
        ),
    ),
    (
        PackageId {
            name: "infer",
            version: "0.2.3",
            source: "registry `crates-io`",
        },
        NormalOrDev,
    ),
    (
        PackageId {
            name: "num-rational",
            version: "0.4.2",
            source: "registry `crates-io`",
        },
        NormalOrDev,
    ),
    (
        PackageId {
            name: "winnow",
            version: "1.0.3",
            source: "registry `crates-io`",
        },
        ArtifactDep(
            Tuple(
                "x86_64-unknown-linux-musl",
            ),
        ),
    ),
    (
        PackageId {
            name: "fnv",
            version: "1.0.7",
            source: "registry `crates-io`",
        },
        ArtifactDep(
            Tuple(
                "x86_64-unknown-linux-musl",
            ),
        ),
    ),
    (
        PackageId {
            name: "spin",
            version: "0.5.2",
            source: "registry `crates-io`",
        },
        ArtifactDep(
            Tuple(
                "x86_64-unknown-linux-musl",
            ),
        ),
    ),
    (
        PackageId {
            name: "wiggle",
            version: "44.0.0",
            source: "/home/alice/lind-wasm/src/wasmtime/crates/wiggle",
        },
        ArtifactDep(
            Tuple(
                "x86_64-unknown-linux-musl",
            ),
        ),
    ),
    (
        PackageId {
            name: "universal-hash",
            version: "0.5.1",
            source: "registry `crates-io`",
        },
        ArtifactDep(
            Tuple(
                "x86_64-unknown-none",
            ),
        ),
    ),
    (
        PackageId {
            name: "async-std",
            version: "1.13.2",
            source: "registry `crates-io`",
        },
        NormalOrDev,
    ),
    (
        PackageId {
            name: "io-extras",
            version: "0.18.4",
            source: "registry `crates-io`",
        },
        NormalOrDev,
    ),
    (
        PackageId {
            name: "num-complex",
            version: "0.4.6",
            source: "registry `crates-io`",
        },
        NormalOrDev,
    ),
    (
        PackageId {
            name: "thiserror",
            version: "2.0.18",
            source: "registry `crates-io`",
        },
        ArtifactDep(
            Tuple(
                "x86_64-unknown-linux-musl",
            ),
        ),
    ),
    (
        PackageId {
            name: "wasmtime-lind-common",
            version: "44.0.0",
            source: "/home/alice/lind-wasm/src/wasmtime/crates/lind-common",
        },
        ArtifactDep(
            Tuple(
                "x86_64-unknown-linux-musl",
            ),
        ),
    ),
    (
        PackageId {
            name: "tracing-log",
            version: "0.2.0",
            source: "registry `crates-io`",
        },
        NormalOrDev,
    ),
    (
        PackageId {
            name: "rand_core",
            version: "0.6.4",
            source: "registry `crates-io`",
        },
        NormalOrDev,
    ),
    (
        PackageId {
            name: "tinystr",
            version: "0.8.3",
            source: "registry `crates-io`",
        },
        ArtifactDep(
            Tuple(
                "x86_64-unknown-linux-musl",
            ),
        ),
    ),
    (
        PackageId {
            name: "hex",
            version: "0.4.3",
            source: "registry `crates-io`",
        },
        NormalOrDev,
    ),
    (
        PackageId {
            name: "enumflags2_derive",
            version: "0.6.4",
            source: "registry `crates-io`",
        },
        HostDep,
    ),
    (
        PackageId {
            name: "wasmtime-internal-core",
            version: "44.0.0",
            source: "/home/alice/lind-wasm/src/wasmtime/crates/core",
        },
        ArtifactDep(
            Tuple(
                "x86_64-unknown-linux-musl",
            ),
        ),
    ),
    (
        PackageId {
            name: "wiggle",
            version: "44.0.0",
            source: "/home/alice/lind-wasm/src/wasmtime/crates/wiggle",
        },
        NormalOrDev,
    ),
    (
        PackageId {
            name: "http",
            version: "0.2.12",
            source: "registry `crates-io`",
        },
        NormalOrDev,
    ),
    (
        PackageId {
            name: "utf8_iter",
            version: "1.0.4",
            source: "registry `crates-io`",
        },
        ArtifactDep(
            Tuple(
                "x86_64-unknown-linux-musl",
            ),
        ),
    ),
    (
        PackageId {
            name: "displaydoc",
            version: "0.2.5",
            source: "registry `crates-io`",
        },
        HostDep,
    ),
    (
        PackageId {
            name: "ppv-lite86",
            version: "0.2.21",
            source: "registry `crates-io`",
        },
        ArtifactDep(
            Tuple(
                "x86_64-unknown-linux-musl",
            ),
        ),
    ),
    (
        PackageId {
            name: "memchr",
            version: "2.8.0",
            source: "registry `crates-io`",
        },
        HostDep,
    ),
    (
        PackageId {
            name: "zerocopy",
            version: "0.8.48",
            source: "registry `crates-io`",
        },
        NormalOrDev,
    ),
    (
        PackageId {
            name: "futures",
            version: "0.3.32",
            source: "registry `crates-io`",
        },
        ArtifactDep(
            Tuple(
                "x86_64-unknown-linux-musl",
            ),
        ),
    ),
    (
        PackageId {
            name: "derivative",
            version: "2.2.0",
            source: "registry `crates-io`",
        },
        HostDep,
    ),
    (
        PackageId {
            name: "untrusted",
            version: "0.7.1",
            source: "registry `crates-io`",
        },
        NormalOrDev,
    ),
    (
        PackageId {
            name: "lazy_static",
            version: "1.5.0",
            source: "registry `crates-io`",
        },
        ArtifactDep(
            Tuple(
                "x86_64-unknown-linux-musl",
            ),
        ),
    ),
    (
        PackageId {
            name: "lock_api",
            version: "0.4.14",
            source: "registry `crates-io`",
        },
        ArtifactDep(
            Tuple(
                "x86_64-unknown-linux-musl",
            ),
        ),
    ),
    (
        PackageId {
            name: "ahash",
            version: "0.8.12",
            source: "registry `crates-io`",
        },
        NormalOrDev,
    ),
    (
        PackageId {
            name: "sec1",
            version: "0.7.3",
            source: "registry `crates-io`",
        },
        ArtifactDep(
            Tuple(
                "x86_64-unknown-linux-musl",
            ),
        ),
    ),
    (
        PackageId {
            name: "winnow",
            version: "0.7.15",
            source: "registry `crates-io`",
        },
        NormalOrDev,
    ),
    (
        PackageId {
            name: "plain",
            version: "0.2.3",
            source: "registry `crates-io`",
        },
        ArtifactDep(
            Tuple(
                "x86_64-unknown-none",
            ),
        ),
    ),
    (
        PackageId {
            name: "openidconnect",
            version: "2.5.1",
            source: "registry `crates-io`",
        },
        NormalOrDev,
    ),
    (
        PackageId {
            name: "darling_macro",
            version: "0.13.4",
            source: "registry `crates-io`",
        },
        HostDep,
    ),
    (
        PackageId {
            name: "event-listener",
            version: "2.5.3",
            source: "registry `crates-io`",
        },
        NormalOrDev,
    ),
    (
        PackageId {
            name: "pin-project-lite",
            version: "0.2.17",
            source: "registry `crates-io`",
        },
        ArtifactDep(
            Tuple(
                "x86_64-unknown-linux-musl",
            ),
        ),
    ),
    (
        PackageId {
            name: "enarx-exec-wasmtime",
            version: "0.7.1",
            source: "/home/alice/enarx/crates/exec-wasmtime",
        },
        ArtifactDep(
            Tuple(
                "x86_64-unknown-linux-musl",
            ),
        ),
    ),
    (
        PackageId {
            name: "zerofrom",
            version: "0.1.8",
            source: "registry `crates-io`",
        },
        NormalOrDev,
    ),
    (
        PackageId {
            name: "spki",
            version: "0.7.3",
            source: "registry `crates-io`",
        },
        NormalOrDev,
    ),
    (
        PackageId {
            name: "array-const-fn-init",
            version: "0.1.1",
            source: "registry `crates-io`",
        },
        HostDep,
    ),
    (
        PackageId {
            name: "serde_core",
            version: "1.0.228",
            source: "registry `crates-io`",
        },
        ArtifactDep(
            Tuple(
                "x86_64-unknown-linux-musl",
            ),
        ),
    ),
    (
        PackageId {
            name: "indexmap",
            version: "2.14.0",
            source: "registry `crates-io`",
        },
        NormalOrDev,
    ),
    (
        PackageId {
            name: "signature",
            version: "2.2.0",
            source: "registry `crates-io`",
        },
        NormalOrDev,
    ),
    (
        PackageId {
            name: "untrusted",
            version: "0.9.0",
            source: "registry `crates-io`",
        },
        NormalOrDev,
    ),
    (
        PackageId {
            name: "serde",
            version: "1.0.228",
            source: "registry `crates-io`",
        },
        NormalOrDev,
    ),
    (
        PackageId {
            name: "sct",
            version: "0.7.1",
            source: "registry `crates-io`",
        },
        NormalOrDev,
    ),
    (
        PackageId {
            name: "crypto-common",
            version: "0.1.7",
            source: "registry `crates-io`",
        },
        NormalOrDev,
    ),
    (
        PackageId {
            name: "rcrt1",
            version: "2.5.0",
            source: "registry `crates-io`",
        },
        ArtifactDep(
            Tuple(
                "x86_64-unknown-none",
            ),
        ),
    ),
    (
        PackageId {
            name: "nbytes",
            version: "0.1.0",
            source: "registry `crates-io`",
        },
        NormalOrDev,
    ),
    (
        PackageId {
            name: "cap-time-ext",
            version: "3.4.5",
            source: "registry `crates-io`",
        },
        NormalOrDev,
    ),
    (
        PackageId {
            name: "wasmtime-lind-multi-process",
            version: "44.0.0",
            source: "/home/alice/lind-wasm/src/wasmtime/crates/lind-multi-process",
        },
        ArtifactDep(
            Tuple(
                "x86_64-unknown-linux-musl",
            ),
        ),
    ),
    (
        PackageId {
            name: "memoffset",
            version: "0.6.5",
            source: "registry `crates-io`",
        },
        NormalOrDev,
    ),
    (
        PackageId {
            name: "target-lexicon",
            version: "0.13.5",
            source: "registry `crates-io`",
        },
        NormalOrDev,
    ),
    (
        PackageId {
            name: "getrandom",
            version: "0.3.4",
            source: "registry `crates-io`",
        },
        ArtifactDep(
            Tuple(
                "x86_64-unknown-linux-musl",
            ),
        ),
    ),
    (
        PackageId {
            name: "rustc-demangle",
            version: "0.1.27",
            source: "registry `crates-io`",
        },
        NormalOrDev,
    ),
    (
        PackageId {
            name: "wasmparser",
            version: "0.246.2",
            source: "registry `crates-io`",
        },
        ArtifactDep(
            Tuple(
                "x86_64-unknown-linux-musl",
            ),
        ),
    ),
    (
        PackageId {
            name: "wasmtime-wasi",
            version: "44.0.0",
            source: "/home/alice/lind-wasm/src/wasmtime/crates/wasi",
        },
        ArtifactDep(
            Tuple(
                "x86_64-unknown-linux-musl",
            ),
        ),
    ),
    (
        PackageId {
            name: "flagset",
            version: "0.4.7",
            source: "registry `crates-io`",
        },
        ArtifactDep(
            Tuple(
                "x86_64-unknown-linux-musl",
            ),
        ),
    ),
    (
        PackageId {
            name: "nbytes",
            version: "0.1.0",
            source: "registry `crates-io`",
        },
        ArtifactDep(
            Tuple(
                "x86_64-unknown-none",
            ),
        ),
    ),
    (
        PackageId {
            name: "find-msvc-tools",
            version: "0.1.9",
            source: "registry `crates-io`",
        },
        HostDep,
    ),
    (
        PackageId {
            name: "cranelift-entity",
            version: "0.131.0",
            source: "/home/alice/lind-wasm/src/wasmtime/cranelift/entity",
        },
        ArtifactDep(
            Tuple(
                "x86_64-unknown-linux-musl",
            ),
        ),
    ),
    (
        PackageId {
            name: "regex-automata",
            version: "0.4.14",
            source: "registry `crates-io`",
        },
        NormalOrDev,
    ),
    (
        PackageId {
            name: "rand_core",
            version: "0.9.5",
            source: "registry `crates-io`",
        },
        ArtifactDep(
            Tuple(
                "x86_64-unknown-linux-musl",
            ),
        ),
    ),
    (
        PackageId {
            name: "scroll",
            version: "0.11.0",
            source: "registry `crates-io`",
        },
        NormalOrDev,
    ),
    (
        PackageId {
            name: "noted",
            version: "1.0.0",
            source: "registry `crates-io`",
        },
        ArtifactDep(
            Tuple(
                "x86_64-unknown-none",
            ),
        ),
    ),
    (
        PackageId {
            name: "cap-primitives",
            version: "3.4.5",
            source: "registry `crates-io`",
        },
        ArtifactDep(
            Tuple(
                "x86_64-unknown-linux-musl",
            ),
        ),
    ),
    (
        PackageId {
            name: "webpki-roots",
            version: "0.22.6",
            source: "registry `crates-io`",
        },
        NormalOrDev,
    ),
    (
        PackageId {
            name: "numtoa",
            version: "0.2.4",
            source: "registry `crates-io`",
        },
        ArtifactDep(
            Tuple(
                "x86_64-unknown-none",
            ),
        ),
    ),
    (
        PackageId {
            name: "log",
            version: "0.4.30",
            source: "registry `crates-io`",
        },
        ArtifactDep(
            Tuple(
                "x86_64-unknown-linux-musl",
            ),
        ),
    ),
    (
        PackageId {
            name: "sallyport",
            version: "0.7.1",
            source: "/home/alice/enarx/crates/sallyport",
        },
        NormalOrDev,
    ),
    (
        PackageId {
            name: "waker-fn",
            version: "1.2.0",
            source: "registry `crates-io`",
        },
        NormalOrDev,
    ),
    (
        PackageId {
            name: "wasmtime-lind-dylink",
            version: "44.0.0",
            source: "/home/alice/lind-wasm/src/wasmtime/crates/lind-dylink",
        },
        NormalOrDev,
    ),
    (
        PackageId {
            name: "aes",
            version: "0.7.5",
            source: "registry `crates-io`",
        },
        NormalOrDev,
    ),
    (
        PackageId {
            name: "wasmtime",
            version: "44.0.0",
            source: "/home/alice/lind-wasm/src/wasmtime/crates/wasmtime",
        },
        ArtifactDep(
            Tuple(
                "x86_64-unknown-linux-musl",
            ),
        ),
    ),
    (
        PackageId {
            name: "wiggle",
            version: "23.0.3",
            source: "registry `crates-io`",
        },
        ArtifactDep(
            Tuple(
                "x86_64-unknown-linux-musl",
            ),
        ),
    ),
    (
        PackageId {
            name: "libc",
            version: "0.2.186",
            source: "registry `crates-io`",
        },
        ArtifactDep(
            Tuple(
                "x86_64-unknown-linux-musl",
            ),
        ),
    ),
    (
        PackageId {
            name: "wasmtime-internal-wit-bindgen",
            version: "44.0.0",
            source: "/home/alice/lind-wasm/src/wasmtime/crates/wit-bindgen",
        },
        HostDep,
    ),
    (
        PackageId {
            name: "generic-array",
            version: "0.14.7",
            source: "registry `crates-io`",
        },
        ArtifactDep(
            Tuple(
                "x86_64-unknown-linux-musl",
            ),
        ),
    ),
    (
        PackageId {
            name: "getrandom",
            version: "0.2.17",
            source: "registry `crates-io`",
        },
        ArtifactDep(
            Tuple(
                "x86_64-unknown-linux-musl",
            ),
        ),
    ),
    (
        PackageId {
            name: "foldhash",
            version: "0.2.0",
            source: "registry `crates-io`",
        },
        ArtifactDep(
            Tuple(
                "x86_64-unknown-linux-musl",
            ),
        ),
    ),
    (
        PackageId {
            name: "wasmtime-lind-multi-process",
            version: "44.0.0",
            source: "/home/alice/lind-wasm/src/wasmtime/crates/lind-multi-process",
        },
        NormalOrDev,
    ),
    (
        PackageId {
            name: "hashbrown",
            version: "0.14.5",
            source: "registry `crates-io`",
        },
        NormalOrDev,
    ),
    (
        PackageId {
            name: "enarx-config",
            version: "0.7.1",
            source: "/home/alice/enarx/crates/enarx-config",
        },
        NormalOrDev,
    ),
    (
        PackageId {
            name: "cranelift-control",
            version: "0.131.0",
            source: "/home/alice/lind-wasm/src/wasmtime/cranelift/control",
        },
        NormalOrDev,
    ),
    (
        PackageId {
            name: "cpufeatures",
            version: "0.2.17",
            source: "registry `crates-io`",
        },
        ArtifactDep(
            Tuple(
                "x86_64-unknown-none",
            ),
        ),
    ),
    (
        PackageId {
            name: "fs-set-times",
            version: "0.20.3",
            source: "registry `crates-io`",
        },
        NormalOrDev,
    ),
    (
        PackageId {
            name: "enarx-shim-sgx",
            version: "0.7.1",
            source: "/home/alice/enarx/crates/shim-sgx",
        },
        ArtifactDep(
            Tuple(
                "x86_64-unknown-none",
            ),
        ),
    ),
    (
        PackageId {
            name: "num-iter",
            version: "0.1.45",
            source: "registry `crates-io`",
        },
        NormalOrDev,
    ),
    (
        PackageId {
            name: "futures-macro",
            version: "0.3.32",
            source: "registry `crates-io`",
        },
        HostDep,
    ),
    (
        PackageId {
            name: "darling_core",
            version: "0.13.4",
            source: "registry `crates-io`",
        },
        HostDep,
    ),
    (
        PackageId {
            name: "fnv",
            version: "1.0.7",
            source: "registry `crates-io`",
        },
        HostDep,
    ),
    (
        PackageId {
            name: "crypto-bigint",
            version: "0.5.5",
            source: "registry `crates-io`",
        },
        NormalOrDev,
    ),
    (
        PackageId {
            name: "wasmtime",
            version: "44.0.0",
            source: "/home/alice/lind-wasm/src/wasmtime/crates/wasmtime",
        },
        NormalOrDev,
    ),
    (
        PackageId {
            name: "primeorder",
            version: "0.13.6",
            source: "registry `crates-io`",
        },
        NormalOrDev,
    ),
    (
        PackageId {
            name: "pkcs1",
            version: "0.7.5",
            source: "registry `crates-io`",
        },
        NormalOrDev,
    ),
    (
        PackageId {
            name: "rustc-hash",
            version: "2.1.2",
            source: "registry `crates-io`",
        },
        ArtifactDep(
            Tuple(
                "x86_64-unknown-linux-musl",
            ),
        ),
    ),
    (
        PackageId {
            name: "cranelift-bforest",
            version: "0.131.0",
            source: "/home/alice/lind-wasm/src/wasmtime/cranelift/bforest",
        },
        ArtifactDep(
            Tuple(
                "x86_64-unknown-linux-musl",
            ),
        ),
    ),
    (
        PackageId {
            name: "dirs",
            version: "4.0.0",
            source: "registry `crates-io`",
        },
        NormalOrDev,
    ),
    (
        PackageId {
            name: "ureq",
            version: "2.9.1",
            source: "registry `crates-io`",
        },
        NormalOrDev,
    ),
    (
        PackageId {
            name: "mio",
            version: "1.2.0",
            source: "registry `crates-io`",
        },
        NormalOrDev,
    ),
    (
        PackageId {
            name: "wasmtime-types",
            version: "44.0.0",
            source: "/home/alice/lind-wasm/src/wasmtime/crates/types",
        },
        ArtifactDep(
            Tuple(
                "x86_64-unknown-linux-musl",
            ),
        ),
    ),
    (
        PackageId {
            name: "slab",
            version: "0.4.12",
            source: "registry `crates-io`",
        },
        NormalOrDev,
    ),
    (
        PackageId {
            name: "serde",
            version: "1.0.228",
            source: "registry `crates-io`",
        },
        ArtifactDep(
            Tuple(
                "x86_64-unknown-linux-musl",
            ),
        ),
    ),
    (
        PackageId {
            name: "icu_normalizer",
            version: "2.2.0",
            source: "registry `crates-io`",
        },
        ArtifactDep(
            Tuple(
                "x86_64-unknown-linux-musl",
            ),
        ),
    ),
    (
        PackageId {
            name: "toml_parser",
            version: "1.1.2+spec-1.1.0",
            source: "registry `crates-io`",
        },
        ArtifactDep(
            Tuple(
                "x86_64-unknown-linux-musl",
            ),
        ),
    ),
    (
        PackageId {
            name: "dashmap",
            version: "5.5.3",
            source: "registry `crates-io`",
        },
        NormalOrDev,
    ),
    (
        PackageId {
            name: "zerotrie",
            version: "0.2.4",
            source: "registry `crates-io`",
        },
        NormalOrDev,
    ),
    (
        PackageId {
            name: "stable_deref_trait",
            version: "1.2.1",
            source: "registry `crates-io`",
        },
        NormalOrDev,
    ),
    (
        PackageId {
            name: "sct",
            version: "0.7.1",
            source: "registry `crates-io`",
        },
        ArtifactDep(
            Tuple(
                "x86_64-unknown-linux-musl",
            ),
        ),
    ),
    (
        PackageId {
            name: "wasmtime-internal-unwinder",
            version: "44.0.0",
            source: "/home/alice/lind-wasm/src/wasmtime/crates/unwinder",
        },
        NormalOrDev,
    ),
    (
        PackageId {
            name: "winnow",
            version: "1.0.3",
            source: "registry `crates-io`",
        },
        NormalOrDev,
    ),
    (
        PackageId {
            name: "elliptic-curve",
            version: "0.13.8",
            source: "registry `crates-io`",
        },
        NormalOrDev,
    ),
    (
        PackageId {
            name: "num-bigint-dig",
            version: "0.8.6",
            source: "registry `crates-io`",
        },
        NormalOrDev,
    ),
    (
        PackageId {
            name: "rawposix",
            version: "0.1.0",
            source: "/home/alice/lind-wasm/src/wasmtime/crates/rawposix",
        },
        ArtifactDep(
            Tuple(
                "x86_64-unknown-linux-musl",
            ),
        ),
    ),
    (
        PackageId {
            name: "hashbrown",
            version: "0.17.1",
            source: "registry `crates-io`",
        },
        NormalOrDev,
    ),
    (
        PackageId {
            name: "base16ct",
            version: "0.2.0",
            source: "registry `crates-io`",
        },
        NormalOrDev,
    ),
    (
        PackageId {
            name: "scroll_derive",
            version: "0.11.1",
            source: "registry `crates-io`",
        },
        HostDep,
    ),
    (
        PackageId {
            name: "serde_json",
            version: "1.0.150",
            source: "registry `crates-io`",
        },
        HostDep,
    ),
    (
        PackageId {
            name: "bitflags",
            version: "1.3.2",
            source: "registry `crates-io`",
        },
        ArtifactDep(
            Tuple(
                "x86_64-unknown-none",
            ),
        ),
    ),
    (
        PackageId {
            name: "equivalent",
            version: "1.0.2",
            source: "registry `crates-io`",
        },
        NormalOrDev,
    ),
    (
        PackageId {
            name: "generic-array",
            version: "0.14.7",
            source: "registry `crates-io`",
        },
        ArtifactDep(
            Tuple(
                "x86_64-unknown-none",
            ),
        ),
    ),
    (
        PackageId {
            name: "cranelift-assembler-x64-meta",
            version: "0.131.0",
            source: "/home/alice/lind-wasm/src/wasmtime/cranelift/assembler-x64/meta",
        },
        HostDep,
    ),
    (
        PackageId {
            name: "scroll",
            version: "0.11.0",
            source: "registry `crates-io`",
        },
        ArtifactDep(
            Tuple(
                "x86_64-unknown-linux-musl",
            ),
        ),
    ),
    (
        PackageId {
            name: "der",
            version: "0.7.10",
            source: "registry `crates-io`",
        },
        ArtifactDep(
            Tuple(
                "x86_64-unknown-linux-musl",
            ),
        ),
    ),
    (
        PackageId {
            name: "cranelift-bitset",
            version: "0.131.0",
            source: "/home/alice/lind-wasm/src/wasmtime/cranelift/bitset",
        },
        HostDep,
    ),
    (
        PackageId {
            name: "autocfg",
            version: "1.5.1",
            source: "registry `crates-io`",
        },
        HostDep,
    ),
    (
        PackageId {
            name: "quote",
            version: "1.0.45",
            source: "registry `crates-io`",
        },
        HostDep,
    ),
    (
        PackageId {
            name: "socket2",
            version: "0.4.10",
            source: "registry `crates-io`",
        },
        NormalOrDev,
    ),
    (
        PackageId {
            name: "rand",
            version: "0.8.6",
            source: "registry `crates-io`",
        },
        ArtifactDep(
            Tuple(
                "x86_64-unknown-linux-musl",
            ),
        ),
    ),
    (
        PackageId {
            name: "crypto-common",
            version: "0.1.7",
            source: "registry `crates-io`",
        },
        ArtifactDep(
            Tuple(
                "x86_64-unknown-linux-musl",
            ),
        ),
    ),
    (
        PackageId {
            name: "libm",
            version: "0.2.16",
            source: "registry `crates-io`",
        },
        ArtifactDep(
            Tuple(
                "x86_64-unknown-linux-musl",
            ),
        ),
    ),
    (
        PackageId {
            name: "hashbrown",
            version: "0.17.1",
            source: "registry `crates-io`",
        },
        ArtifactDep(
            Tuple(
                "x86_64-unknown-linux-musl",
            ),
        ),
    ),
    (
        PackageId {
            name: "target-lexicon",
            version: "0.13.5",
            source: "registry `crates-io`",
        },
        ArtifactDep(
            Tuple(
                "x86_64-unknown-linux-musl",
            ),
        ),
    ),
    (
        PackageId {
            name: "primordial",
            version: "0.5.0",
            source: "registry `crates-io`",
        },
        ArtifactDep(
            Tuple(
                "x86_64-unknown-none",
            ),
        ),
    ),
    (
        PackageId {
            name: "enarx_wasm_tests",
            version: "0.1.0",
            source: "/home/alice/enarx/tests/crates/enarx_wasm_tests",
        },
        ArtifactDep(
            Tuple(
                "wasm32-wasip1",
            ),
        ),
    ),
    (
        PackageId {
            name: "wasmtime-internal-fiber",
            version: "44.0.0",
            source: "/home/alice/lind-wasm/src/wasmtime/crates/fiber",
        },
        ArtifactDep(
            Tuple(
                "x86_64-unknown-linux-musl",
            ),
        ),
    ),
    (
        PackageId {
            name: "proc-macro-crate",
            version: "0.1.5",
            source: "registry `crates-io`",
        },
        HostDep,
    ),
    (
        PackageId {
            name: "allocator-api2",
            version: "0.2.21",
            source: "registry `crates-io`",
        },
        ArtifactDep(
            Tuple(
                "x86_64-unknown-linux-musl",
            ),
        ),
    ),
    (
        PackageId {
            name: "enarx",
            version: "0.7.1",
            source: "/home/alice/enarx",
        },
        NormalOrDev,
    ),
    (
        PackageId {
            name: "icu_collections",
            version: "2.2.0",
            source: "registry `crates-io`",
        },
        ArtifactDep(
            Tuple(
                "x86_64-unknown-linux-musl",
            ),
        ),
    ),
    (
        PackageId {
            name: "keyring",
            version: "1.2.1",
            source: "registry `crates-io`",
        },
        NormalOrDev,
    ),
    (
        PackageId {
            name: "rand_chacha",
            version: "0.3.1",
            source: "registry `crates-io`",
        },
        ArtifactDep(
            Tuple(
                "x86_64-unknown-linux-musl",
            ),
        ),
    ),
    (
        PackageId {
            name: "hmac",
            version: "0.11.0",
            source: "registry `crates-io`",
        },
        NormalOrDev,
    ),
    (
        PackageId {
            name: "io-extras",
            version: "0.18.4",
            source: "registry `crates-io`",
        },
        ArtifactDep(
            Tuple(
                "x86_64-unknown-linux-musl",
            ),
        ),
    ),
    (
        PackageId {
            name: "equivalent",
            version: "1.0.2",
            source: "registry `crates-io`",
        },
        HostDep,
    ),
    (
        PackageId {
            name: "libc",
            version: "0.2.186",
            source: "registry `crates-io`",
        },
        NormalOrDev,
    ),
    (
        PackageId {
            name: "rustc-demangle",
            version: "0.1.27",
            source: "registry `crates-io`",
        },
        ArtifactDep(
            Tuple(
                "x86_64-unknown-linux-musl",
            ),
        ),
    ),
    (
        PackageId {
            name: "ff",
            version: "0.13.1",
            source: "registry `crates-io`",
        },
        NormalOrDev,
    ),
    (
        PackageId {
            name: "nu-ansi-term",
            version: "0.50.3",
            source: "registry `crates-io`",
        },
        NormalOrDev,
    ),
    (
        PackageId {
            name: "tracing-core",
            version: "0.1.36",
            source: "registry `crates-io`",
        },
        NormalOrDev,
    ),
    (
        PackageId {
            name: "sec1",
            version: "0.7.3",
            source: "registry `crates-io`",
        },
        NormalOrDev,
    ),
    (
        PackageId {
            name: "sallyport",
            version: "0.7.1",
            source: "/home/alice/enarx/crates/sallyport",
        },
        ArtifactDep(
            Tuple(
                "x86_64-unknown-none",
            ),
        ),
    ),
    (
        PackageId {
            name: "thiserror",
            version: "1.0.69",
            source: "registry `crates-io`",
        },
        HostDep,
    ),
    (
        PackageId {
            name: "x509-cert",
            version: "0.2.5",
            source: "registry `crates-io`",
        },
        ArtifactDep(
            Tuple(
                "x86_64-unknown-linux-musl",
            ),
        ),
    ),
    (
        PackageId {
            name: "xsave",
            version: "2.0.2",
            source: "registry `crates-io`",
        },
        NormalOrDev,
    ),
    (
        PackageId {
            name: "memchr",
            version: "2.8.0",
            source: "registry `crates-io`",
        },
        ArtifactDep(
            Tuple(
                "x86_64-unknown-linux-musl",
            ),
        ),
    ),
    (
        PackageId {
            name: "async-executor",
            version: "1.14.0",
            source: "registry `crates-io`",
        },
        NormalOrDev,
    ),
    (
        PackageId {
            name: "hashbrown",
            version: "0.14.5",
            source: "registry `crates-io`",
        },
        ArtifactDep(
            Tuple(
                "x86_64-unknown-linux-musl",
            ),
        ),
    ),
    (
        PackageId {
            name: "icu_normalizer_data",
            version: "2.2.0",
            source: "registry `crates-io`",
        },
        ArtifactDep(
            Tuple(
                "x86_64-unknown-linux-musl",
            ),
        ),
    ),
    (
        PackageId {
            name: "winnow",
            version: "0.7.15",
            source: "registry `crates-io`",
        },
        ArtifactDep(
            Tuple(
                "x86_64-unknown-linux-musl",
            ),
        ),
    ),
    (
        PackageId {
            name: "ring",
            version: "0.17.14",
            source: "registry `crates-io`",
        },
        NormalOrDev,
    ),
    (
        PackageId {
            name: "pulley-macros",
            version: "44.0.0",
            source: "/home/alice/lind-wasm/src/wasmtime/pulley/macros",
        },
        HostDep,
    ),
    (
        PackageId {
            name: "polyval",
            version: "0.6.2",
            source: "registry `crates-io`",
        },
        ArtifactDep(
            Tuple(
                "x86_64-unknown-none",
            ),
        ),
    ),
    (
        PackageId {
            name: "num-bigint",
            version: "0.4.6",
            source: "registry `crates-io`",
        },
        NormalOrDev,
    ),
    (
        PackageId {
            name: "toml_parser",
            version: "1.1.2+spec-1.1.0",
            source: "registry `crates-io`",
        },
        NormalOrDev,
    ),
    (
        PackageId {
            name: "spin",
            version: "0.9.8",
            source: "registry `crates-io`",
        },
        NormalOrDev,
    ),
    (
        PackageId {
            name: "litemap",
            version: "0.8.2",
            source: "registry `crates-io`",
        },
        NormalOrDev,
    ),
    (
        PackageId {
            name: "wasmtime-internal-component-util",
            version: "44.0.0",
            source: "/home/alice/lind-wasm/src/wasmtime/crates/component-util",
        },
        ArtifactDep(
            Tuple(
                "x86_64-unknown-linux-musl",
            ),
        ),
    ),
    (
        PackageId {
            name: "pulley-interpreter",
            version: "44.0.0",
            source: "/home/alice/lind-wasm/src/wasmtime/pulley",
        },
        ArtifactDep(
            Tuple(
                "x86_64-unknown-linux-musl",
            ),
        ),
    ),
    (
        PackageId {
            name: "wasmtime-lind-3i",
            version: "44.0.0",
            source: "/home/alice/lind-wasm/src/wasmtime/crates/lind-3i",
        },
        ArtifactDep(
            Tuple(
                "x86_64-unknown-linux-musl",
            ),
        ),
    ),
    (
        PackageId {
            name: "bitflags",
            version: "2.11.1",
            source: "registry `crates-io`",
        },
        NormalOrDev,
    ),
    (
        PackageId {
            name: "kvm-ioctls",
            version: "0.17.0",
            source: "https://github.com/rust-vmm/kvm-ioctls?rev=9b85aefd2bd1c7e96aa7362fa2d11a84dd40de1a#9b85aefd",
        },
        NormalOrDev,
    ),
    (
        PackageId {
            name: "parking_lot_core",
            version: "0.9.12",
            source: "registry `crates-io`",
        },
        ArtifactDep(
            Tuple(
                "x86_64-unknown-linux-musl",
            ),
        ),
    ),
    (
        PackageId {
            name: "cranelift-native",
            version: "0.131.0",
            source: "/home/alice/lind-wasm/src/wasmtime/cranelift/native",
        },
        ArtifactDep(
            Tuple(
                "x86_64-unknown-linux-musl",
            ),
        ),
    ),
    (
        PackageId {
            name: "wasmtime-internal-jit-icache-coherence",
            version: "44.0.0",
            source: "/home/alice/lind-wasm/src/wasmtime/crates/jit-icache-coherence",
        },
        ArtifactDep(
            Tuple(
                "x86_64-unknown-linux-musl",
            ),
        ),
    ),
    (
        PackageId {
            name: "goblin",
            version: "0.6.1",
            source: "registry `crates-io`",
        },
        ArtifactDep(
            Tuple(
                "x86_64-unknown-linux-musl",
            ),
        ),
    ),
    (
        PackageId {
            name: "dirs",
            version: "4.0.0",
            source: "registry `crates-io`",
        },
        HostDep,
    ),
    (
        PackageId {
            name: "zstd-safe",
            version: "7.2.4",
            source: "registry `crates-io`",
        },
        ArtifactDep(
            Tuple(
                "x86_64-unknown-linux-musl",
            ),
        ),
    ),
    (
        PackageId {
            name: "der_derive",
            version: "0.7.3",
            source: "registry `crates-io`",
        },
        HostDep,
    ),
    (
        PackageId {
            name: "rustix-linux-procfs",
            version: "0.1.1",
            source: "registry `crates-io`",
        },
        NormalOrDev,
    ),
    (
        PackageId {
            name: "opaque-debug",
            version: "0.3.1",
            source: "registry `crates-io`",
        },
        ArtifactDep(
            Tuple(
                "x86_64-unknown-none",
            ),
        ),
    ),
    (
        PackageId {
            name: "socket2",
            version: "0.6.3",
            source: "registry `crates-io`",
        },
        ArtifactDep(
            Tuple(
                "x86_64-unknown-linux-musl",
            ),
        ),
    ),
    (
        PackageId {
            name: "sha2",
            version: "0.10.9",
            source: "registry `crates-io`",
        },
        NormalOrDev,
    ),
    (
        PackageId {
            name: "bumpalo",
            version: "3.20.3",
            source: "registry `crates-io`",
        },
        ArtifactDep(
            Tuple(
                "x86_64-unknown-linux-musl",
            ),
        ),
    ),
    (
        PackageId {
            name: "id-arena",
            version: "2.3.0",
            source: "registry `crates-io`",
        },
        HostDep,
    ),
    (
        PackageId {
            name: "const-default",
            version: "1.0.0",
            source: "registry `crates-io`",
        },
        NormalOrDev,
    ),
    (
        PackageId {
            name: "io-lifetimes",
            version: "1.0.11",
            source: "registry `crates-io`",
        },
        NormalOrDev,
    ),
    (
        PackageId {
            name: "shell-words",
            version: "1.1.1",
            source: "registry `crates-io`",
        },
        NormalOrDev,
    ),
    (
        PackageId {
            name: "idna",
            version: "1.1.0",
            source: "registry `crates-io`",
        },
        NormalOrDev,
    ),
    (
        PackageId {
            name: "bytes",
            version: "1.11.1",
            source: "registry `crates-io`",
        },
        NormalOrDev,
    ),
    (
        PackageId {
            name: "wasmtime-lind-utils",
            version: "44.0.0",
            source: "/home/alice/lind-wasm/src/wasmtime/crates/lind-utils",
        },
        NormalOrDev,
    ),
    (
        PackageId {
            name: "potential_utf",
            version: "0.1.5",
            source: "registry `crates-io`",
        },
        ArtifactDep(
            Tuple(
                "x86_64-unknown-linux-musl",
            ),
        ),
    ),
    (
        PackageId {
            name: "ambient-authority",
            version: "0.0.2",
            source: "registry `crates-io`",
        },
        ArtifactDep(
            Tuple(
                "x86_64-unknown-linux-musl",
            ),
        ),
    ),
    (
        PackageId {
            name: "maybe-owned",
            version: "0.3.4",
            source: "registry `crates-io`",
        },
        ArtifactDep(
            Tuple(
                "x86_64-unknown-linux-musl",
            ),
        ),
    ),
    (
        PackageId {
            name: "gimli",
            version: "0.33.0",
            source: "registry `crates-io`",
        },
        NormalOrDev,
    ),
    (
        PackageId {
            name: "itertools",
            version: "0.13.0",
            source: "registry `crates-io`",
        },
        ArtifactDep(
            Tuple(
                "x86_64-unknown-linux-musl",
            ),
        ),
    ),
    (
        PackageId {
            name: "const-default-derive",
            version: "0.2.0",
            source: "registry `crates-io`",
        },
        HostDep,
    ),
    (
        PackageId {
            name: "wasm-encoder",
            version: "0.246.2",
            source: "registry `crates-io`",
        },
        ArtifactDep(
            Tuple(
                "x86_64-unknown-linux-musl",
            ),
        ),
    ),
    (
        PackageId {
            name: "hashbrown",
            version: "0.16.1",
            source: "registry `crates-io`",
        },
        NormalOrDev,
    ),
    (
        PackageId {
            name: "cap-rand",
            version: "3.4.5",
            source: "registry `crates-io`",
        },
        ArtifactDep(
            Tuple(
                "x86_64-unknown-linux-musl",
            ),
        ),
    ),
    (
        PackageId {
            name: "cranelift-codegen-shared",
            version: "0.131.0",
            source: "/home/alice/lind-wasm/src/wasmtime/cranelift/codegen/shared",
        },
        NormalOrDev,
    ),
    (
        PackageId {
            name: "icu_normalizer",
            version: "2.2.0",
            source: "registry `crates-io`",
        },
        NormalOrDev,
    ),
    (
        PackageId {
            name: "icu_properties",
            version: "2.2.0",
            source: "registry `crates-io`",
        },
        ArtifactDep(
            Tuple(
                "x86_64-unknown-linux-musl",
            ),
        ),
    ),
    (
        PackageId {
            name: "sysdefs",
            version: "0.1.0",
            source: "/home/alice/lind-wasm/src/wasmtime/crates/sysdefs",
        },
        ArtifactDep(
            Tuple(
                "x86_64-unknown-linux-musl",
            ),
        ),
    ),
    (
        PackageId {
            name: "shlex",
            version: "1.3.0",
            source: "registry `crates-io`",
        },
        HostDep,
    ),
    (
        PackageId {
            name: "pkg-config",
            version: "0.3.33",
            source: "registry `crates-io`",
        },
        HostDep,
    ),
    (
        PackageId {
            name: "lock_api",
            version: "0.4.14",
            source: "registry `crates-io`",
        },
        NormalOrDev,
    ),
    (
        PackageId {
            name: "cpufeatures",
            version: "0.2.17",
            source: "registry `crates-io`",
        },
        ArtifactDep(
            Tuple(
                "x86_64-unknown-linux-musl",
            ),
        ),
    ),
    (
        PackageId {
            name: "digest",
            version: "0.10.7",
            source: "registry `crates-io`",
        },
        NormalOrDev,
    ),
    (
        PackageId {
            name: "wasmtime-environ",
            version: "44.0.0",
            source: "/home/alice/lind-wasm/src/wasmtime/crates/environ",
        },
        NormalOrDev,
    ),
    (
        PackageId {
            name: "aes-gcm",
            version: "0.10.3",
            source: "registry `crates-io`",
        },
        ArtifactDep(
            Tuple(
                "x86_64-unknown-none",
            ),
        ),
    ),
    (
        PackageId {
            name: "zerofrom",
            version: "0.1.8",
            source: "registry `crates-io`",
        },
        ArtifactDep(
            Tuple(
                "x86_64-unknown-linux-musl",
            ),
        ),
    ),
    (
        PackageId {
            name: "icu_properties",
            version: "2.2.0",
            source: "registry `crates-io`",
        },
        NormalOrDev,
    ),
    (
        PackageId {
            name: "once_cell",
            version: "1.21.4",
            source: "registry `crates-io`",
        },
        NormalOrDev,
    ),
    (
        PackageId {
            name: "zerovec",
            version: "0.11.6",
            source: "registry `crates-io`",
        },
        NormalOrDev,
    ),
    (
        PackageId {
            name: "clap_lex",
            version: "1.1.0",
            source: "registry `crates-io`",
        },
        NormalOrDev,
    ),
    (
        PackageId {
            name: "serde_spanned",
            version: "1.1.1",
            source: "registry `crates-io`",
        },
        ArtifactDep(
            Tuple(
                "x86_64-unknown-linux-musl",
            ),
        ),
    ),
    (
        PackageId {
            name: "wiggle-generate",
            version: "23.0.3",
            source: "registry `crates-io`",
        },
        HostDep,
    ),
    (
        PackageId {
            name: "linux-raw-sys",
            version: "0.4.15",
            source: "registry `crates-io`",
        },
        NormalOrDev,
    ),
    (
        PackageId {
            name: "winnow",
            version: "0.5.40",
            source: "registry `crates-io`",
        },
        HostDep,
    ),
    (
        PackageId {
            name: "crc32fast",
            version: "1.5.0",
            source: "registry `crates-io`",
        },
        ArtifactDep(
            Tuple(
                "x86_64-unknown-linux-musl",
            ),
        ),
    ),
    (
        PackageId {
            name: "fastrand",
            version: "1.9.0",
            source: "registry `crates-io`",
        },
        NormalOrDev,
    ),
    (
        PackageId {
            name: "directories-next",
            version: "2.0.0",
            source: "registry `crates-io`",
        },
        ArtifactDep(
            Tuple(
                "x86_64-unknown-linux-musl",
            ),
        ),
    ),
    (
        PackageId {
            name: "cap-std",
            version: "3.4.5",
            source: "registry `crates-io`",
        },
        NormalOrDev,
    ),
    (
        PackageId {
            name: "rand_core",
            version: "0.9.5",
            source: "registry `crates-io`",
        },
        NormalOrDev,
    ),
    (
        PackageId {
            name: "wasmprinter",
            version: "0.246.2",
            source: "registry `crates-io`",
        },
        NormalOrDev,
    ),
    (
        PackageId {
            name: "wasi-common",
            version: "44.0.0",
            source: "/home/alice/lind-wasm/src/wasmtime/crates/wasi-common",
        },
        ArtifactDep(
            Tuple(
                "x86_64-unknown-linux-musl",
            ),
        ),
    ),
    (
        PackageId {
            name: "wiggle-generate",
            version: "44.0.0",
            source: "/home/alice/lind-wasm/src/wasmtime/crates/wiggle/generate",
        },
        HostDep,
    ),
    (
        PackageId {
            name: "bitflags",
            version: "2.11.1",
            source: "registry `crates-io`",
        },
        ArtifactDep(
            Tuple(
                "x86_64-unknown-none",
            ),
        ),
    ),
    (
        PackageId {
            name: "serde_with",
            version: "1.14.0",
            source: "registry `crates-io`",
        },
        NormalOrDev,
    ),
    (
        PackageId {
            name: "hashbrown",
            version: "0.16.1",
            source: "registry `crates-io`",
        },
        HostDep,
    ),
    (
        PackageId {
            name: "serde_json",
            version: "1.0.150",
            source: "registry `crates-io`",
        },
        ArtifactDep(
            Tuple(
                "x86_64-unknown-linux-musl",
            ),
        ),
    ),
    (
        PackageId {
            name: "sharded-slab",
            version: "0.1.7",
            source: "registry `crates-io`",
        },
        ArtifactDep(
            Tuple(
                "x86_64-unknown-linux-musl",
            ),
        ),
    ),
    (
        PackageId {
            name: "wasmtime-internal-core",
            version: "44.0.0",
            source: "/home/alice/lind-wasm/src/wasmtime/crates/core",
        },
        NormalOrDev,
    ),
    (
        PackageId {
            name: "oauth2",
            version: "4.4.2",
            source: "registry `crates-io`",
        },
        NormalOrDev,
    ),
    (
        PackageId {
            name: "colorful",
            version: "0.2.2",
            source: "registry `crates-io`",
        },
        NormalOrDev,
    ),
    (
        PackageId {
            name: "bitflags",
            version: "2.11.1",
            source: "registry `crates-io`",
        },
        HostDep,
    ),
    (
        PackageId {
            name: "url",
            version: "2.5.8",
            source: "registry `crates-io`",
        },
        ArtifactDep(
            Tuple(
                "x86_64-unknown-linux-musl",
            ),
        ),
    ),
    (
        PackageId {
            name: "pulley-interpreter",
            version: "44.0.0",
            source: "/home/alice/lind-wasm/src/wasmtime/pulley",
        },
        NormalOrDev,
    ),
    (
        PackageId {
            name: "typenum",
            version: "1.20.0",
            source: "registry `crates-io`",
        },
        ArtifactDep(
            Tuple(
                "x86_64-unknown-linux-musl",
            ),
        ),
    ),
    (
        PackageId {
            name: "strsim",
            version: "0.10.0",
            source: "registry `crates-io`",
        },
        HostDep,
    ),
    (
        PackageId {
            name: "p384",
            version: "0.13.1",
            source: "registry `crates-io`",
        },
        NormalOrDev,
    ),
    (
        PackageId {
            name: "protobuf-codegen-pure",
            version: "2.28.0",
            source: "registry `crates-io`",
        },
        HostDep,
    ),
    (
        PackageId {
            name: "x86_64",
            version: "0.14.13",
            source: "registry `crates-io`",
        },
        NormalOrDev,
    ),
    (
        PackageId {
            name: "plain",
            version: "0.2.3",
            source: "registry `crates-io`",
        },
        ArtifactDep(
            Tuple(
                "x86_64-unknown-linux-musl",
            ),
        ),
    ),
    (
        PackageId {
            name: "wit-parser",
            version: "0.246.2",
            source: "registry `crates-io`",
        },
        HostDep,
    ),
    (
        PackageId {
            name: "webpki",
            version: "0.22.4",
            source: "registry `crates-io`",
        },
        NormalOrDev,
    ),
    (
        PackageId {
            name: "wasmtime-types",
            version: "44.0.0",
            source: "/home/alice/lind-wasm/src/wasmtime/crates/types",
        },
        NormalOrDev,
    ),
    (
        PackageId {
            name: "wasmtime-wasi-threads",
            version: "44.0.0",
            source: "/home/alice/lind-wasm/src/wasmtime/crates/wasi-threads",
        },
        NormalOrDev,
    ),
    (
        PackageId {
            name: "wasmtime-lind-3i",
            version: "44.0.0",
            source: "/home/alice/lind-wasm/src/wasmtime/crates/lind-3i",
        },
        NormalOrDev,
    ),
    (
        PackageId {
            name: "regex-automata",
            version: "0.4.14",
            source: "registry `crates-io`",
        },
        ArtifactDep(
            Tuple(
                "x86_64-unknown-linux-musl",
            ),
        ),
    ),
    (
        PackageId {
            name: "cranelift-entity",
            version: "0.131.0",
            source: "/home/alice/lind-wasm/src/wasmtime/cranelift/entity",
        },
        NormalOrDev,
    ),
    (
        PackageId {
            name: "itertools",
            version: "0.13.0",
            source: "registry `crates-io`",
        },
        NormalOrDev,
    ),
    (
        PackageId {
            name: "clap_builder",
            version: "4.6.0",
            source: "registry `crates-io`",
        },
        NormalOrDev,
    ),
    (
        PackageId {
            name: "futures-channel",
            version: "0.3.32",
            source: "registry `crates-io`",
        },
        NormalOrDev,
    ),
    (
        PackageId {
            name: "cap-primitives",
            version: "3.4.5",
            source: "registry `crates-io`",
        },
        NormalOrDev,
    ),
    (
        PackageId {
            name: "linux-raw-sys",
            version: "0.12.1",
            source: "registry `crates-io`",
        },
        ArtifactDep(
            Tuple(
                "x86_64-unknown-linux-musl",
            ),
        ),
    ),
    (
        PackageId {
            name: "tokio",
            version: "1.52.3",
            source: "registry `crates-io`",
        },
        NormalOrDev,
    ),
    (
        PackageId {
            name: "const-default",
            version: "1.0.0",
            source: "registry `crates-io`",
        },
        ArtifactDep(
            Tuple(
                "x86_64-unknown-none",
            ),
        ),
    ),
    (
        PackageId {
            name: "secret-service",
            version: "2.0.2",
            source: "registry `crates-io`",
        },
        NormalOrDev,
    ),
    (
        PackageId {
            name: "linux-raw-sys",
            version: "0.3.8",
            source: "registry `crates-io`",
        },
        NormalOrDev,
    ),
    (
        PackageId {
            name: "rustix",
            version: "0.38.44",
            source: "registry `crates-io`",
        },
        NormalOrDev,
    ),
    (
        PackageId {
            name: "enarx_syscall_tests",
            version: "0.1.0",
            source: "/home/alice/enarx/tests/crates/enarx_syscall_tests",
        },
        ArtifactDep(
            Tuple(
                "x86_64-unknown-none",
            ),
        ),
    ),
    (
        PackageId {
            name: "linux-raw-sys",
            version: "0.12.1",
            source: "registry `crates-io`",
        },
        NormalOrDev,
    ),
    (
        PackageId {
            name: "nb-connect",
            version: "1.2.0",
            source: "registry `crates-io`",
        },
        NormalOrDev,
    ),
    (
        PackageId {
            name: "log",
            version: "0.4.30",
            source: "registry `crates-io`",
        },
        NormalOrDev,
    ),
    (
        PackageId {
            name: "serde_with_macros",
            version: "1.5.2",
            source: "registry `crates-io`",
        },
        HostDep,
    ),
    (
        PackageId {
            name: "hmac",
            version: "0.12.1",
            source: "registry `crates-io`",
        },
        NormalOrDev,
    ),
    (
        PackageId {
            name: "http-types",
            version: "2.12.0",
            source: "registry `crates-io`",
        },
        NormalOrDev,
    ),
    (
        PackageId {
            name: "fs-set-times",
            version: "0.20.3",
            source: "registry `crates-io`",
        },
        ArtifactDep(
            Tuple(
                "x86_64-unknown-linux-musl",
            ),
        ),
    ),
    (
        PackageId {
            name: "form_urlencoded",
            version: "1.2.2",
            source: "registry `crates-io`",
        },
        ArtifactDep(
            Tuple(
                "x86_64-unknown-linux-musl",
            ),
        ),
    ),
    (
        PackageId {
            name: "semver",
            version: "1.0.28",
            source: "registry `crates-io`",
        },
        ArtifactDep(
            Tuple(
                "x86_64-unknown-linux-musl",
            ),
        ),
    ),
    (
        PackageId {
            name: "allocator-api2",
            version: "0.2.21",
            source: "registry `crates-io`",
        },
        NormalOrDev,
    ),
    (
        PackageId {
            name: "mmarinus",
            version: "0.4.0",
            source: "registry `crates-io`",
        },
        NormalOrDev,
    ),
    (
        PackageId {
            name: "testaso",
            version: "0.1.0",
            source: "registry `crates-io`",
        },
        NormalOrDev,
    ),
    (
        PackageId {
            name: "zerofrom-derive",
            version: "0.1.7",
            source: "registry `crates-io`",
        },
        HostDep,
    ),
    (
        PackageId {
            name: "smallvec",
            version: "1.15.1",
            source: "registry `crates-io`",
        },
        NormalOrDev,
    ),
    (
        PackageId {
            name: "ring",
            version: "0.16.20",
            source: "registry `crates-io`",
        },
        NormalOrDev,
    ),
    (
        PackageId {
            name: "toml",
            version: "0.9.12+spec-1.1.0",
            source: "registry `crates-io`",
        },
        ArtifactDep(
            Tuple(
                "x86_64-unknown-linux-musl",
            ),
        ),
    ),
    (
        PackageId {
            name: "rand",
            version: "0.7.3",
            source: "registry `crates-io`",
        },
        NormalOrDev,
    ),
    (
        PackageId {
            name: "rustversion",
            version: "1.0.22",
            source: "registry `crates-io`",
        },
        HostDep,
    ),
    (
        PackageId {
            name: "futures-sink",
            version: "0.3.32",
            source: "registry `crates-io`",
        },
        ArtifactDep(
            Tuple(
                "x86_64-unknown-linux-musl",
            ),
        ),
    ),
    (
        PackageId {
            name: "potential_utf",
            version: "0.1.5",
            source: "registry `crates-io`",
        },
        NormalOrDev,
    ),
    (
        PackageId {
            name: "spki",
            version: "0.7.3",
            source: "registry `crates-io`",
        },
        ArtifactDep(
            Tuple(
                "x86_64-unknown-linux-musl",
            ),
        ),
    ),
    (
        PackageId {
            name: "num-traits",
            version: "0.2.19",
            source: "registry `crates-io`",
        },
        NormalOrDev,
    ),
    (
        PackageId {
            name: "zmij",
            version: "1.0.21",
            source: "registry `crates-io`",
        },
        HostDep,
    ),
    (
        PackageId {
            name: "cranelift-codegen",
            version: "0.131.0",
            source: "/home/alice/lind-wasm/src/wasmtime/cranelift/codegen",
        },
        NormalOrDev,
    ),
    (
        PackageId {
            name: "protobuf-codegen",
            version: "2.28.0",
            source: "registry `crates-io`",
        },
        HostDep,
    ),
    (
        PackageId {
            name: "cranelift-frontend",
            version: "0.131.0",
            source: "/home/alice/lind-wasm/src/wasmtime/cranelift/frontend",
        },
        ArtifactDep(
            Tuple(
                "x86_64-unknown-linux-musl",
            ),
        ),
    ),
    (
        PackageId {
            name: "vdso",
            version: "0.2.2",
            source: "registry `crates-io`",
        },
        NormalOrDev,
    ),
    (
        PackageId {
            name: "zstd-sys",
            version: "2.0.16+zstd.1.5.7",
            source: "registry `crates-io`",
        },
        NormalOrDev,
    ),
    (
        PackageId {
            name: "cpp_demangle",
            version: "0.4.5",
            source: "registry `crates-io`",
        },
        ArtifactDep(
            Tuple(
                "x86_64-unknown-linux-musl",
            ),
        ),
    ),
    (
        PackageId {
            name: "polling",
            version: "2.8.0",
            source: "registry `crates-io`",
        },
        NormalOrDev,
    ),
    (
        PackageId {
            name: "anyhow",
            version: "1.0.102",
            source: "registry `crates-io`",
        },
        NormalOrDev,
    ),
    (
        PackageId {
            name: "rustix-linux-procfs",
            version: "0.1.1",
            source: "registry `crates-io`",
        },
        ArtifactDep(
            Tuple(
                "x86_64-unknown-linux-musl",
            ),
        ),
    ),
    (
        PackageId {
            name: "piper",
            version: "0.2.5",
            source: "registry `crates-io`",
        },
        NormalOrDev,
    ),
    (
        PackageId {
            name: "arbitrary",
            version: "1.4.2",
            source: "registry `crates-io`",
        },
        ArtifactDep(
            Tuple(
                "x86_64-unknown-linux-musl",
            ),
        ),
    ),
    (
        PackageId {
            name: "tracing",
            version: "0.1.44",
            source: "registry `crates-io`",
        },
        NormalOrDev,
    ),
    (
        PackageId {
            name: "wast",
            version: "250.0.0",
            source: "registry `crates-io`",
        },
        NormalOrDev,
    ),
    (
        PackageId {
            name: "base64",
            version: "0.13.1",
            source: "registry `crates-io`",
        },
        NormalOrDev,
    ),
    (
        PackageId {
            name: "iana-time-zone",
            version: "0.1.65",
            source: "registry `crates-io`",
        },
        ArtifactDep(
            Tuple(
                "x86_64-unknown-linux-musl",
            ),
        ),
    ),
    (
        PackageId {
            name: "crc32fast",
            version: "1.5.0",
            source: "registry `crates-io`",
        },
        NormalOrDev,
    ),
    (
        PackageId {
            name: "async-global-executor",
            version: "2.4.1",
            source: "registry `crates-io`",
        },
        NormalOrDev,
    ),
    (
        PackageId {
            name: "futures-io",
            version: "0.3.32",
            source: "registry `crates-io`",
        },
        ArtifactDep(
            Tuple(
                "x86_64-unknown-linux-musl",
            ),
        ),
    ),
    (
        PackageId {
            name: "ghash",
            version: "0.5.1",
            source: "registry `crates-io`",
        },
        ArtifactDep(
            Tuple(
                "x86_64-unknown-none",
            ),
        ),
    ),
    (
        PackageId {
            name: "once_cell",
            version: "1.21.4",
            source: "registry `crates-io`",
        },
        HostDep,
    ),
    (
        PackageId {
            name: "cranelift-bitset",
            version: "0.131.0",
            source: "/home/alice/lind-wasm/src/wasmtime/cranelift/bitset",
        },
        NormalOrDev,
    ),
    (
        PackageId {
            name: "rand",
            version: "0.8.6",
            source: "registry `crates-io`",
        },
        NormalOrDev,
    ),
    (
        PackageId {
            name: "shared",
            version: "0.7.1",
            source: "/home/alice/enarx/crates/shared",
        },
        ArtifactDep(
            Tuple(
                "x86_64-unknown-none",
            ),
        ),
    ),
    (
        PackageId {
            name: "rfc6979",
            version: "0.4.0",
            source: "registry `crates-io`",
        },
        NormalOrDev,
    ),
    (
        PackageId {
            name: "encoding_rs",
            version: "0.8.35",
            source: "registry `crates-io`",
        },
        NormalOrDev,
    ),
    (
        PackageId {
            name: "syn",
            version: "1.0.109",
            source: "registry `crates-io`",
        },
        HostDep,
    ),
    (
        PackageId {
            name: "icu_locale_core",
            version: "2.2.0",
            source: "registry `crates-io`",
        },
        ArtifactDep(
            Tuple(
                "x86_64-unknown-linux-musl",
            ),
        ),
    ),
    (
        PackageId {
            name: "async-dup",
            version: "1.2.4",
            source: "registry `crates-io`",
        },
        NormalOrDev,
    ),
    (
        PackageId {
            name: "regalloc2",
            version: "0.15.1",
            source: "registry `crates-io`",
        },
        ArtifactDep(
            Tuple(
                "x86_64-unknown-linux-musl",
            ),
        ),
    ),
    (
        PackageId {
            name: "semver",
            version: "1.0.28",
            source: "registry `crates-io`",
        },
        HostDep,
    ),
    (
        PackageId {
            name: "process_control",
            version: "4.2.2",
            source: "registry `crates-io`",
        },
        NormalOrDev,
    ),
    (
        PackageId {
            name: "zbus",
            version: "1.9.3",
            source: "registry `crates-io`",
        },
        NormalOrDev,
    ),
    (
        PackageId {
            name: "block-padding",
            version: "0.2.1",
            source: "registry `crates-io`",
        },
        NormalOrDev,
    ),
    (
        PackageId {
            name: "sgx",
            version: "0.6.1",
            source: "registry `crates-io`",
        },
        NormalOrDev,
    ),
    (
        PackageId {
            name: "stable_deref_trait",
            version: "1.2.1",
            source: "registry `crates-io`",
        },
        ArtifactDep(
            Tuple(
                "x86_64-unknown-linux-musl",
            ),
        ),
    ),
    (
        PackageId {
            name: "zmij",
            version: "1.0.21",
            source: "registry `crates-io`",
        },
        ArtifactDep(
            Tuple(
                "x86_64-unknown-linux-musl",
            ),
        ),
    ),
    (
        PackageId {
            name: "toml",
            version: "0.5.11",
            source: "registry `crates-io`",
        },
        NormalOrDev,
    ),
    (
        PackageId {
            name: "syn",
            version: "2.0.117",
            source: "registry `crates-io`",
        },
        HostDep,
    ),
    (
        PackageId {
            name: "sharded-slab",
            version: "0.1.7",
            source: "registry `crates-io`",
        },
        NormalOrDev,
    ),
    (
        PackageId {
            name: "io-lifetimes",
            version: "2.0.4",
            source: "registry `crates-io`",
        },
        NormalOrDev,
    ),
    (
        PackageId {
            name: "foldhash",
            version: "0.2.0",
            source: "registry `crates-io`",
        },
        NormalOrDev,
    ),
    (
        PackageId {
            name: "ecdsa",
            version: "0.16.9",
            source: "registry `crates-io`",
        },
        NormalOrDev,
    ),
    (
        PackageId {
            name: "fnv",
            version: "1.0.7",
            source: "registry `crates-io`",
        },
        NormalOrDev,
    ),
    (
        PackageId {
            name: "sgx",
            version: "0.6.1",
            source: "registry `crates-io`",
        },
        ArtifactDep(
            Tuple(
                "x86_64-unknown-none",
            ),
        ),
    ),
    (
        PackageId {
            name: "inout",
            version: "0.1.4",
            source: "registry `crates-io`",
        },
        ArtifactDep(
            Tuple(
                "x86_64-unknown-none",
            ),
        ),
    ),
    (
        PackageId {
            name: "shared",
            version: "0.7.1",
            source: "/home/alice/enarx/crates/shared",
        },
        NormalOrDev,
    ),
    (
        PackageId {
            name: "cap-net-ext",
            version: "3.4.5",
            source: "registry `crates-io`",
        },
        ArtifactDep(
            Tuple(
                "x86_64-unknown-linux-musl",
            ),
        ),
    ),
    (
        PackageId {
            name: "anyhow",
            version: "1.0.102",
            source: "registry `crates-io`",
        },
        ArtifactDep(
            Tuple(
                "wasm32-wasip1",
            ),
        ),
    ),
    (
        PackageId {
            name: "webpki-roots",
            version: "0.25.4",
            source: "registry `crates-io`",
        },
        ArtifactDep(
            Tuple(
                "x86_64-unknown-linux-musl",
            ),
        ),
    ),
    (
        PackageId {
            name: "wasmtime-lind-common",
            version: "44.0.0",
            source: "/home/alice/lind-wasm/src/wasmtime/crates/lind-common",
        },
        NormalOrDev,
    ),
    (
        PackageId {
            name: "thiserror",
            version: "1.0.69",
            source: "registry `crates-io`",
        },
        ArtifactDep(
            Tuple(
                "x86_64-unknown-linux-musl",
            ),
        ),
    ),
    (
        PackageId {
            name: "ctr",
            version: "0.9.2",
            source: "registry `crates-io`",
        },
        ArtifactDep(
            Tuple(
                "x86_64-unknown-none",
            ),
        ),
    ),
    (
        PackageId {
            name: "dashmap",
            version: "6.2.1",
            source: "registry `crates-io`",
        },
        NormalOrDev,
    ),
    (
        PackageId {
            name: "pin-project-lite",
            version: "0.2.17",
            source: "registry `crates-io`",
        },
        NormalOrDev,
    ),
    (
        PackageId {
            name: "wasmtime-internal-cranelift",
            version: "44.0.0",
            source: "/home/alice/lind-wasm/src/wasmtime/crates/cranelift",
        },
        NormalOrDev,
    ),
    (
        PackageId {
            name: "pin-project",
            version: "1.1.13",
            source: "registry `crates-io`",
        },
        NormalOrDev,
    ),
    (
        PackageId {
            name: "blocking",
            version: "1.6.2",
            source: "registry `crates-io`",
        },
        NormalOrDev,
    ),
    (
        PackageId {
            name: "writeable",
            version: "0.6.3",
            source: "registry `crates-io`",
        },
        NormalOrDev,
    ),
    (
        PackageId {
            name: "zeroize",
            version: "1.8.2",
            source: "registry `crates-io`",
        },
        NormalOrDev,
    ),
    (
        PackageId {
            name: "thiserror-impl",
            version: "1.0.69",
            source: "registry `crates-io`",
        },
        HostDep,
    ),
    (
        PackageId {
            name: "rustls",
            version: "0.21.12",
            source: "registry `crates-io`",
        },
        ArtifactDep(
            Tuple(
                "x86_64-unknown-linux-musl",
            ),
        ),
    ),
    (
        PackageId {
            name: "cap-net-ext",
            version: "3.4.5",
            source: "registry `crates-io`",
        },
        NormalOrDev,
    ),
    (
        PackageId {
            name: "typenum",
            version: "1.20.0",
            source: "registry `crates-io`",
        },
        ArtifactDep(
            Tuple(
                "x86_64-unknown-none",
            ),
        ),
    ),
    (
        PackageId {
            name: "cranelift-codegen-meta",
            version: "0.131.0",
            source: "/home/alice/lind-wasm/src/wasmtime/cranelift/codegen/meta",
        },
        HostDep,
    ),
    (
        PackageId {
            name: "zstd-sys",
            version: "2.0.16+zstd.1.5.7",
            source: "registry `crates-io`",
        },
        ArtifactDep(
            Tuple(
                "x86_64-unknown-linux-musl",
            ),
        ),
    ),
    (
        PackageId {
            name: "cage",
            version: "0.1.0",
            source: "/home/alice/lind-wasm/src/wasmtime/crates/cage",
        },
        NormalOrDev,
    ),
    (
        PackageId {
            name: "protobuf",
            version: "2.28.0",
            source: "registry `crates-io`",
        },
        HostDep,
    ),
    (
        PackageId {
            name: "thread_local",
            version: "1.1.9",
            source: "registry `crates-io`",
        },
        ArtifactDep(
            Tuple(
                "x86_64-unknown-linux-musl",
            ),
        ),
    ),
    (
        PackageId {
            name: "synstructure",
            version: "0.13.2",
            source: "registry `crates-io`",
        },
        HostDep,
    ),
    (
        PackageId {
            name: "subtle",
            version: "2.4.1",
            source: "registry `crates-io`",
        },
        ArtifactDep(
            Tuple(
                "x86_64-unknown-none",
            ),
        ),
    ),
    (
        PackageId {
            name: "zvariant",
            version: "2.10.0",
            source: "registry `crates-io`",
        },
        NormalOrDev,
    ),
    (
        PackageId {
            name: "rustls",
            version: "0.21.12",
            source: "registry `crates-io`",
        },
        NormalOrDev,
    ),
    (
        PackageId {
            name: "anyhow",
            version: "1.0.102",
            source: "registry `crates-io`",
        },
        ArtifactDep(
            Tuple(
                "x86_64-unknown-linux-musl",
            ),
        ),
    ),
    (
        PackageId {
            name: "gimli",
            version: "0.33.0",
            source: "registry `crates-io`",
        },
        ArtifactDep(
            Tuple(
                "x86_64-unknown-linux-musl",
            ),
        ),
    ),
    (
        PackageId {
            name: "bitflags",
            version: "2.11.1",
            source: "registry `crates-io`",
        },
        ArtifactDep(
            Tuple(
                "x86_64-unknown-linux-musl",
            ),
        ),
    ),
    (
        PackageId {
            name: "idna_adapter",
            version: "1.2.2",
            source: "registry `crates-io`",
        },
        ArtifactDep(
            Tuple(
                "x86_64-unknown-linux-musl",
            ),
        ),
    ),
    (
        PackageId {
            name: "crossbeam-utils",
            version: "0.8.21",
            source: "registry `crates-io`",
        },
        NormalOrDev,
    ),
    (
        PackageId {
            name: "serde_derive",
            version: "1.0.228",
            source: "registry `crates-io`",
        },
        HostDep,
    ),
    (
        PackageId {
            name: "either",
            version: "1.16.0",
            source: "registry `crates-io`",
        },
        ArtifactDep(
            Tuple(
                "x86_64-unknown-linux-musl",
            ),
        ),
    ),
    (
        PackageId {
            name: "quick_cache",
            version: "0.6.22",
            source: "registry `crates-io`",
        },
        NormalOrDev,
    ),
    (
        PackageId {
            name: "cranelift-frontend",
            version: "0.131.0",
            source: "/home/alice/lind-wasm/src/wasmtime/cranelift/frontend",
        },
        NormalOrDev,
    ),
    (
        PackageId {
            name: "enarx_exec_tests",
            version: "0.1.0",
            source: "/home/alice/enarx/tests/crates/enarx_exec_tests",
        },
        ArtifactDep(
            Tuple(
                "x86_64-unknown-linux-musl",
            ),
        ),
    ),
    (
        PackageId {
            name: "zerovec",
            version: "0.11.6",
            source: "registry `crates-io`",
        },
        ArtifactDep(
            Tuple(
                "x86_64-unknown-linux-musl",
            ),
        ),
    ),
    (
        PackageId {
            name: "nix",
            version: "0.22.3",
            source: "registry `crates-io`",
        },
        NormalOrDev,
    ),
    (
        PackageId {
            name: "icu_collections",
            version: "2.2.0",
            source: "registry `crates-io`",
        },
        NormalOrDev,
    ),
    (
        PackageId {
            name: "iocuddle",
            version: "0.1.1",
            source: "registry `crates-io`",
        },
        NormalOrDev,
    ),
    (
        PackageId {
            name: "wasmtime-internal-versioned-export-macros",
            version: "44.0.0",
            source: "/home/alice/lind-wasm/src/wasmtime/crates/versioned-export-macros",
        },
        HostDep,
    ),
    (
        PackageId {
            name: "ipnet",
            version: "2.12.0",
            source: "registry `crates-io`",
        },
        NormalOrDev,
    ),
    (
        PackageId {
            name: "tinystr",
            version: "0.8.3",
            source: "registry `crates-io`",
        },
        NormalOrDev,
    ),
    (
        PackageId {
            name: "zeroize",
            version: "1.8.2",
            source: "registry `crates-io`",
        },
        ArtifactDep(
            Tuple(
                "x86_64-unknown-linux-musl",
            ),
        ),
    ),
    (
        PackageId {
            name: "rand",
            version: "0.9.4",
            source: "registry `crates-io`",
        },
        ArtifactDep(
            Tuple(
                "x86_64-unknown-linux-musl",
            ),
        ),
    ),
    (
        PackageId {
            name: "event-listener-strategy",
            version: "0.5.4",
            source: "registry `crates-io`",
        },
        NormalOrDev,
    ),
    (
        PackageId {
            name: "bumpalo",
            version: "3.20.3",
            source: "registry `crates-io`",
        },
        NormalOrDev,
    ),
    (
        PackageId {
            name: "rand",
            version: "0.9.4",
            source: "registry `crates-io`",
        },
        NormalOrDev,
    ),
    (
        PackageId {
            name: "futures-util",
            version: "0.3.32",
            source: "registry `crates-io`",
        },
        NormalOrDev,
    ),
    (
        PackageId {
            name: "yoke-derive",
            version: "0.8.2",
            source: "registry `crates-io`",
        },
        HostDep,
    ),
    (
        PackageId {
            name: "hashbrown",
            version: "0.17.1",
            source: "registry `crates-io`",
        },
        HostDep,
    ),
    (
        PackageId {
            name: "percent-encoding",
            version: "2.3.2",
            source: "registry `crates-io`",
        },
        ArtifactDep(
            Tuple(
                "x86_64-unknown-linux-musl",
            ),
        ),
    ),
    (
        PackageId {
            name: "linked_list_allocator",
            version: "0.10.6",
            source: "registry `crates-io`",
        },
        ArtifactDep(
            Tuple(
                "x86_64-unknown-none",
            ),
        ),
    ),
    (
        PackageId {
            name: "digest",
            version: "0.9.0",
            source: "registry `crates-io`",
        },
        NormalOrDev,
    ),
    (
        PackageId {
            name: "zvariant_derive",
            version: "2.10.0",
            source: "registry `crates-io`",
        },
        HostDep,
    ),
    (
        PackageId {
            name: "rustix",
            version: "0.37.28",
            source: "registry `crates-io`",
        },
        NormalOrDev,
    ),
    (
        PackageId {
            name: "arc-swap",
            version: "1.9.1",
            source: "registry `crates-io`",
        },
        ArtifactDep(
            Tuple(
                "x86_64-unknown-linux-musl",
            ),
        ),
    ),
    (
        PackageId {
            name: "ryu",
            version: "1.0.23",
            source: "registry `crates-io`",
        },
        NormalOrDev,
    ),
    (
        PackageId {
            name: "const-oid",
            version: "0.9.6",
            source: "registry `crates-io`",
        },
        ArtifactDep(
            Tuple(
                "x86_64-unknown-linux-musl",
            ),
        ),
    ),
    (
        PackageId {
            name: "cranelift-isle",
            version: "0.131.0",
            source: "/home/alice/lind-wasm/src/wasmtime/cranelift/isle/isle",
        },
        HostDep,
    ),
    (
        PackageId {
            name: "pkcs8",
            version: "0.10.2",
            source: "registry `crates-io`",
        },
        NormalOrDev,
    ),
    (
        PackageId {
            name: "smallvec",
            version: "1.15.1",
            source: "registry `crates-io`",
        },
        ArtifactDep(
            Tuple(
                "x86_64-unknown-linux-musl",
            ),
        ),
    ),
    (
        PackageId {
            name: "maybe-owned",
            version: "0.3.4",
            source: "registry `crates-io`",
        },
        NormalOrDev,
    ),
    (
        PackageId {
            name: "webpki-roots",
            version: "0.25.4",
            source: "registry `crates-io`",
        },
        NormalOrDev,
    ),
    (
        PackageId {
            name: "parking_lot_core",
            version: "0.9.12",
            source: "registry `crates-io`",
        },
        NormalOrDev,
    ),
    (
        PackageId {
            name: "object",
            version: "0.39.1",
            source: "registry `crates-io`",
        },
        ArtifactDep(
            Tuple(
                "x86_64-unknown-linux-musl",
            ),
        ),
    ),
    (
        PackageId {
            name: "memfd",
            version: "0.6.5",
            source: "registry `crates-io`",
        },
        NormalOrDev,
    ),
    (
        PackageId {
            name: "libc",
            version: "0.2.186",
            source: "registry `crates-io`",
        },
        HostDep,
    ),
    (
        PackageId {
            name: "aes",
            version: "0.8.4",
            source: "registry `crates-io`",
        },
        ArtifactDep(
            Tuple(
                "x86_64-unknown-none",
            ),
        ),
    ),
    (
        PackageId {
            name: "equivalent",
            version: "1.0.2",
            source: "registry `crates-io`",
        },
        ArtifactDep(
            Tuple(
                "x86_64-unknown-linux-musl",
            ),
        ),
    ),
    (
        PackageId {
            name: "directories-next",
            version: "2.0.0",
            source: "registry `crates-io`",
        },
        NormalOrDev,
    ),
    (
        PackageId {
            name: "arbitrary",
            version: "1.4.2",
            source: "registry `crates-io`",
        },
        NormalOrDev,
    ),
    (
        PackageId {
            name: "rustix",
            version: "1.1.4",
            source: "registry `crates-io`",
        },
        NormalOrDev,
    ),
    (
        PackageId {
            name: "rustix",
            version: "1.1.4",
            source: "registry `crates-io`",
        },
        ArtifactDep(
            Tuple(
                "x86_64-unknown-linux-musl",
            ),
        ),
    ),
    (
        PackageId {
            name: "fastrand",
            version: "2.4.1",
            source: "registry `crates-io`",
        },
        NormalOrDev,
    ),
    (
        PackageId {
            name: "matchers",
            version: "0.2.0",
            source: "registry `crates-io`",
        },
        ArtifactDep(
            Tuple(
                "x86_64-unknown-linux-musl",
            ),
        ),
    ),
    (
        PackageId {
            name: "base64",
            version: "0.21.7",
            source: "registry `crates-io`",
        },
        ArtifactDep(
            Tuple(
                "x86_64-unknown-linux-musl",
            ),
        ),
    ),
    (
        PackageId {
            name: "rsa",
            version: "0.9.10",
            source: "registry `crates-io`",
        },
        NormalOrDev,
    ),
    (
        PackageId {
            name: "tokio",
            version: "1.52.3",
            source: "registry `crates-io`",
        },
        ArtifactDep(
            Tuple(
                "x86_64-unknown-linux-musl",
            ),
        ),
    ),
    (
        PackageId {
            name: "wasmtime-wasi",
            version: "44.0.0",
            source: "/home/alice/lind-wasm/src/wasmtime/crates/wasi",
        },
        NormalOrDev,
    ),
    (
        PackageId {
            name: "proc-macro2",
            version: "1.0.106",
            source: "registry `crates-io`",
        },
        HostDep,
    ),
    (
        PackageId {
            name: "wasmtime-wasi-io",
            version: "44.0.0",
            source: "/home/alice/lind-wasm/src/wasmtime/crates/wasi-io",
        },
        ArtifactDep(
            Tuple(
                "x86_64-unknown-linux-musl",
            ),
        ),
    ),
    (
        PackageId {
            name: "serde_repr",
            version: "0.1.20",
            source: "registry `crates-io`",
        },
        HostDep,
    ),
    (
        PackageId {
            name: "concurrent-queue",
            version: "2.5.0",
            source: "registry `crates-io`",
        },
        NormalOrDev,
    ),
    (
        PackageId {
            name: "enarx-shim-kvm",
            version: "0.7.1",
            source: "/home/alice/enarx/crates/shim-kvm",
        },
        ArtifactDep(
            Tuple(
                "x86_64-unknown-none",
            ),
        ),
    ),
    (
        PackageId {
            name: "wasmtime-internal-cache",
            version: "44.0.0",
            source: "/home/alice/lind-wasm/src/wasmtime/crates/cache",
        },
        ArtifactDep(
            Tuple(
                "x86_64-unknown-linux-musl",
            ),
        ),
    ),
    (
        PackageId {
            name: "zstd-safe",
            version: "7.2.4",
            source: "registry `crates-io`",
        },
        NormalOrDev,
    ),
    (
        PackageId {
            name: "getrandom",
            version: "0.2.17",
            source: "registry `crates-io`",
        },
        NormalOrDev,
    ),
    (
        PackageId {
            name: "cranelift-native",
            version: "0.131.0",
            source: "/home/alice/lind-wasm/src/wasmtime/cranelift/native",
        },
        NormalOrDev,
    ),
    (
        PackageId {
            name: "ring",
            version: "0.17.14",
            source: "registry `crates-io`",
        },
        ArtifactDep(
            Tuple(
                "x86_64-unknown-linux-musl",
            ),
        ),
    ),
    (
        PackageId {
            name: "pkcs8",
            version: "0.10.2",
            source: "registry `crates-io`",
        },
        ArtifactDep(
            Tuple(
                "x86_64-unknown-linux-musl",
            ),
        ),
    ),
    (
        PackageId {
            name: "typemap",
            version: "0.1.0",
            source: "/home/alice/lind-wasm/src/wasmtime/crates/typemap",
        },
        ArtifactDep(
            Tuple(
                "x86_64-unknown-linux-musl",
            ),
        ),
    ),
    (
        PackageId {
            name: "wasmtime-internal-unwinder",
            version: "44.0.0",
            source: "/home/alice/lind-wasm/src/wasmtime/crates/unwinder",
        },
        ArtifactDep(
            Tuple(
                "x86_64-unknown-linux-musl",
            ),
        ),
    ),
    (
        PackageId {
            name: "leb128fmt",
            version: "0.1.0",
            source: "registry `crates-io`",
        },
        ArtifactDep(
            Tuple(
                "x86_64-unknown-linux-musl",
            ),
        ),
    ),
    (
        PackageId {
            name: "postcard",
            version: "1.1.3",
            source: "registry `crates-io`",
        },
        NormalOrDev,
    ),
    (
        PackageId {
            name: "chrono",
            version: "0.4.44",
            source: "registry `crates-io`",
        },
        NormalOrDev,
    ),
    (
        PackageId {
            name: "toml",
            version: "0.5.11",
            source: "registry `crates-io`",
        },
        ArtifactDep(
            Tuple(
                "x86_64-unknown-linux-musl",
            ),
        ),
    ),
    (
        PackageId {
            name: "wasmtime-internal-fiber",
            version: "44.0.0",
            source: "/home/alice/lind-wasm/src/wasmtime/crates/fiber",
        },
        NormalOrDev,
    ),
    (
        PackageId {
            name: "wiggle",
            version: "23.0.3",
            source: "registry `crates-io`",
        },
        NormalOrDev,
    ),
    (
        PackageId {
            name: "lset",
            version: "0.3.0",
            source: "registry `crates-io`",
        },
        ArtifactDep(
            Tuple(
                "x86_64-unknown-none",
            ),
        ),
    ),
    (
        PackageId {
            name: "either",
            version: "1.16.0",
            source: "registry `crates-io`",
        },
        NormalOrDev,
    ),
    (
        PackageId {
            name: "wasi-common",
            version: "44.0.0",
            source: "/home/alice/lind-wasm/src/wasmtime/crates/wasi-common",
        },
        NormalOrDev,
    ),
    (
        PackageId {
            name: "log",
            version: "0.4.30",
            source: "registry `crates-io`",
        },
        HostDep,
    ),
    (
        PackageId {
            name: "enumflags2",
            version: "0.6.4",
            source: "registry `crates-io`",
        },
        NormalOrDev,
    ),
    (
        PackageId {
            name: "ident_case",
            version: "1.0.1",
            source: "registry `crates-io`",
        },
        HostDep,
    ),
    (
        PackageId {
            name: "wasmtime-internal-component-util",
            version: "44.0.0",
            source: "/home/alice/lind-wasm/src/wasmtime/crates/component-util",
        },
        NormalOrDev,
    ),
    (
        PackageId {
            name: "goblin",
            version: "0.6.1",
            source: "registry `crates-io`",
        },
        ArtifactDep(
            Tuple(
                "x86_64-unknown-none",
            ),
        ),
    ),
    (
        PackageId {
            name: "cranelift-assembler-x64",
            version: "0.131.0",
            source: "/home/alice/lind-wasm/src/wasmtime/cranelift/assembler-x64",
        },
        ArtifactDep(
            Tuple(
                "x86_64-unknown-linux-musl",
            ),
        ),
    ),
    (
        PackageId {
            name: "wasmparser",
            version: "0.246.2",
            source: "registry `crates-io`",
        },
        NormalOrDev,
    ),
    (
        PackageId {
            name: "mmledger",
            version: "0.4.0",
            source: "registry `crates-io`",
        },
        ArtifactDep(
            Tuple(
                "x86_64-unknown-none",
            ),
        ),
    ),
    (
        PackageId {
            name: "wat",
            version: "1.250.0",
            source: "registry `crates-io`",
        },
        NormalOrDev,
    ),
    (
        PackageId {
            name: "typemap",
            version: "0.1.0",
            source: "/home/alice/lind-wasm/src/wasmtime/crates/typemap",
        },
        NormalOrDev,
    ),
    (
        PackageId {
            name: "wiggle-macro",
            version: "23.0.3",
            source: "registry `crates-io`",
        },
        HostDep,
    ),
    (
        PackageId {
            name: "object",
            version: "0.39.1",
            source: "registry `crates-io`",
        },
        NormalOrDev,
    ),
    (
        PackageId {
            name: "plain",
            version: "0.2.3",
            source: "registry `crates-io`",
        },
        NormalOrDev,
    ),
    (
        PackageId {
            name: "unicode-xid",
            version: "0.2.6",
            source: "registry `crates-io`",
        },
        HostDep,
    ),
    (
        PackageId {
            name: "crossbeam-utils",
            version: "0.8.21",
            source: "registry `crates-io`",
        },
        ArtifactDep(
            Tuple(
                "x86_64-unknown-linux-musl",
            ),
        ),
    ),
    (
        PackageId {
            name: "block-buffer",
            version: "0.9.0",
            source: "registry `crates-io`",
        },
        NormalOrDev,
    ),
    (
        PackageId {
            name: "group",
            version: "0.13.0",
            source: "registry `crates-io`",
        },
        NormalOrDev,
    ),
    (
        PackageId {
            name: "wasmtime-lind-utils",
            version: "44.0.0",
            source: "/home/alice/lind-wasm/src/wasmtime/crates/lind-utils",
        },
        ArtifactDep(
            Tuple(
                "x86_64-unknown-linux-musl",
            ),
        ),
    ),
    (
        PackageId {
            name: "static_assertions",
            version: "1.1.0",
            source: "registry `crates-io`",
        },
        NormalOrDev,
    ),
    (
        PackageId {
            name: "httparse",
            version: "1.10.1",
            source: "registry `crates-io`",
        },
        NormalOrDev,
    ),
    (
        PackageId {
            name: "kvm-bindings",
            version: "0.8.2",
            source: "registry `crates-io`",
        },
        NormalOrDev,
    ),
    (
        PackageId {
            name: "icu_provider",
            version: "2.2.0",
            source: "registry `crates-io`",
        },
        NormalOrDev,
    ),
    (
        PackageId {
            name: "tracing-subscriber",
            version: "0.3.23",
            source: "registry `crates-io`",
        },
        ArtifactDep(
            Tuple(
                "x86_64-unknown-linux-musl",
            ),
        ),
    ),
    (
        PackageId {
            name: "rand_chacha",
            version: "0.9.0",
            source: "registry `crates-io`",
        },
        ArtifactDep(
            Tuple(
                "x86_64-unknown-linux-musl",
            ),
        ),
    ),
    (
        PackageId {
            name: "addr2line",
            version: "0.26.1",
            source: "registry `crates-io`",
        },
        ArtifactDep(
            Tuple(
                "x86_64-unknown-linux-musl",
            ),
        ),
    ),
    (
        PackageId {
            name: "matchers",
            version: "0.2.0",
            source: "registry `crates-io`",
        },
        NormalOrDev,
    ),
    (
        PackageId {
            name: "system-interface",
            version: "0.27.3",
            source: "registry `crates-io`",
        },
        NormalOrDev,
    ),
    (
        PackageId {
            name: "cipher",
            version: "0.4.4",
            source: "registry `crates-io`",
        },
        ArtifactDep(
            Tuple(
                "x86_64-unknown-none",
            ),
        ),
    ),
    (
        PackageId {
            name: "aead",
            version: "0.5.2",
            source: "registry `crates-io`",
        },
        ArtifactDep(
            Tuple(
                "x86_64-unknown-none",
            ),
        ),
    ),
    (
        PackageId {
            name: "pin-project-internal",
            version: "1.1.13",
            source: "registry `crates-io`",
        },
        HostDep,
    ),
    (
        PackageId {
            name: "serde_spanned",
            version: "1.1.1",
            source: "registry `crates-io`",
        },
        NormalOrDev,
    ),
    (
        PackageId {
            name: "cranelift-bforest",
            version: "0.131.0",
            source: "/home/alice/lind-wasm/src/wasmtime/cranelift/bforest",
        },
        NormalOrDev,
    ),
]
note: run with `RUST_BACKTRACE=1` environment variable to display a backtrace
